,speaker,vowel,f1,f2,f3,duration,df1_on,df2_on,df3_on,df1_off,df2_off,df3_off,language,register,learned_cats
5404,JoseAntonio,i,420,1020,2715,170.0,-44.0,-88.0,-133.0,-112.0,-199.0,49.0,sp,ids,1
5411,JoseAntonio,a,877,1569,1579,120.0,99.0,270.0,977.0,49.0,175.0,-1268.0,sp,ids,2
5427,JoseAntonio,a,790,1626,2906,405.22,700.0,906.0,555.0,41.0,-22.0,106.0,sp,ids,2
5432,JoseAntonio,a,872,1718,3278,74.486,3.0,-135.0,-469.0,35.0,-7.0,116.0,sp,ids,2
5434,JoseAntonio,a,809,1643,2720,61.717,-31.0,-46.0,-54.0,12.0,18.0,-117.0,sp,ids,2
5435,JoseAntonio,a,836,1619,2736,53.204,-48.0,-27.0,58.0,-1.0,-14.0,-33.0,sp,ids,2
5436,JoseAntonio,a,642,1652,2783,75.835,13.0,-6.0,91.0,11.0,9.0,-5.0,sp,ids,2
5438,JoseAntonio,i,348,2542,3581,50.0,36.0,-102.0,-821.0,10.0,1260.0,904.0,sp,ids,3
5439,JoseAntonio,a,892,1781,3089,30.0,-67.0,-204.0,-550.0,-70.0,110.0,218.0,sp,ids,2
5440,JoseAntonio,i,335,1110,2530,90.0,96.0,1167.0,361.0,-34.0,198.0,-84.0,sp,ids,0
5441,JoseAntonio,a,1177,1822,2697,140.0,-648.0,-618.0,-472.0,241.0,174.0,149.0,sp,ids,2
5443,JoseAntonio,a,716,1410,2122,150.0,23.0,-98.0,493.0,94.0,72.0,-525.0,sp,ids,2
5444,JoseAntonio,i,629,1732,2215,30.0,36.0,-65.0,702.0,55.0,-207.0,26.0,sp,ids,2
5449,JoseAntonio,a,816,1805,2844,100.0,-37.0,-72.0,-15.0,232.0,23.0,32.0,sp,ids,2
5450,JoseAntonio,a,829,1790,2781,110.0,-9.0,25.0,65.0,-3.0,64.0,153.0,sp,ids,2
5452,JoseAntonio,a,718,1666,2624,290.0,-23.0,13.0,-2.0,-564.0,-441.0,-448.0,sp,ids,2
5456,JoseAntonio,a,793,1646,2563,180.0,32.0,-201.0,-185.0,43.0,31.0,-15.0,sp,ids,2
5457,JoseAntonio,a,824,1921,2448,80.0,12.0,-471.0,-203.0,-41.0,-280.0,-588.0,sp,ids,2
5466,JoseAntonio,i,616,1849,2756,30.0,165.0,128.0,-73.0,-39.0,111.0,-70.0,sp,ids,2
5467,JoseAntonio,a,587,1196,2115,210.0,-64.0,213.0,184.0,-30.0,-380.0,-453.0,sp,ids,0
5470,JoseAntonio,i,440,1129,2384,40.0,-1.0,1067.0,856.0,5.0,-228.0,96.0,sp,ids,0
5471,JoseAntonio,a,732,1572,2695,30.0,72.0,152.0,-638.0,-54.0,-76.0,53.0,sp,ids,2
5472,JoseAntonio,a,1030,2080,2529,120.0,-100.0,-930.0,-285.0,262.0,736.0,323.0,sp,ids,1
5474,JoseAntonio,i,206,1100,2818,60.0,82.0,-393.0,-150.0,-464.0,-1330.0,-426.0,sp,ids,1
5475,JoseAntonio,a,1046,1565,2325,40.0,-73.0,722.0,816.0,115.0,-380.0,-33.0,sp,ids,2
5476,JoseAntonio,a,621,750,2221,50.0,0.6,-22.0,-12.0,145.0,9.0,-98.0,sp,ids,0
5478,JoseAntonio,a,356,810,2275,50.0,149.0,12.0,29.0,-26.0,23.0,118.0,sp,ids,0
5479,JoseAntonio,a,732,1123,1969,80.0,35.0,1.0,81.0,138.0,-374.0,-559.0,sp,ids,1
5480,JoseAntonio,i,457,2737,2919,40.0,-81.0,-760.0,-289.0,93.0,1030.0,-1.0,sp,ids,3
5481,JoseAntonio,a,817,2195,3413,110.0,-21.0,-1230.0,-1320.0,41.0,-180.0,388.0,sp,ids,2
5482,JoseAntonio,a,736,1844,3107,60.0,-518.0,-919.0,-861.0,249.0,-4.0,-217.0,sp,ids,2
5483,JoseAntonio,i,346,746,2737,70.0,60.0,-62.0,-107.0,11.0,38.0,90.0,sp,ids,0
5484,JoseAntonio,a,993,1677,2517,90.0,-62.0,-328.0,-320.0,219.0,-192.0,-410.0,sp,ids,2
5485,JoseAntonio,i,518,933,2316,30.0,-7.0,5.0,55.0,10.0,35.0,66.0,sp,ids,0
5486,JoseAntonio,a,1173,1277,2076,130.0,-153.0,771.0,567.0,376.0,-414.0,-27.0,sp,ids,2
5487,JoseAntonio,a,845,958,2063,280.0,-24.0,-4.0,-80.0,-8.0,-940.0,-913.0,sp,ids,2
5489,JoseAntonio,a,877,1869,3002,223.288,-189.0,-1016.0,-935.0,79.0,-72.0,11.0,sp,ids,2
5491,JoseAntonio,a,495,1534,2792,526.879,371.0,160.0,-19.0,25.0,28.0,308.0,sp,ids,2
5493,JoseAntonio,a,565,924,2014,161.721,314.0,452.0,470.0,-199.0,-960.0,-693.0,sp,ids,0
5494,JoseAntonio,i,887,1566,3026,171.024,-618.0,-250.0,-78.0,286.0,100.0,543.0,sp,ids,2
5495,JoseAntonio,a,820,890,1969,259.083,-36.0,98.0,159.0,45.0,13.0,-332.0,sp,ids,0
5497,JoseAntonio,a,805,1921,2080,219.201,-60.0,39.0,328.0,43.0,17.0,-1404.0,sp,ids,2
5499,JoseAntonio,a,949,1107,2265,120.0,0.02,411.0,-105.0,637.0,-10.0,-124.0,sp,ids,2
5500,JoseAntonio,i,364,737,2566,30.0,-12.0,225.0,-2.0,158.0,297.0,28.0,sp,ids,0
5502,JoseAntonio,a,769,1670,3029,70.0,-38.0,-119.0,-797.0,66.0,70.0,592.0,sp,ids,2
5503,JoseAntonio,a,709,1135,1730,90.0,33.0,-18.0,-62.0,80.0,-307.0,-906.0,sp,ids,0
5504,JoseAntonio,i,347,781,2491,50.0,17.0,531.0,18.0,23.0,-95.0,15.0,sp,ids,0
5505,JoseAntonio,a,547,1046,2201,150.0,-80.0,-37.0,-95.0,93.0,-7.0,294.0,sp,ids,0
5506,JoseAntonio,a,955,1518,2331,410.0,-289.0,-627.0,-457.0,51.0,19.0,-6.0,sp,ids,2
5507,JoseAntonio,i,374,1236,2555,30.0,-7.0,-71.0,-36.0,-6.0,-201.0,-56.0,sp,ids,0
5508,JoseAntonio,a,829,1812,2568,50.0,34.0,48.0,23.0,-97.0,-54.0,-44.0,sp,ids,2
5510,JoseAntonio,a,685,2352,2777,80.0,-12.0,-0.08,-88.0,29.0,-161.0,166.0,sp,ids,3
5512,JoseAntonio,a,759,1550,2160,120.0,154.0,-25.0,294.0,-38.0,-384.0,-800.0,sp,ids,2
5515,JoseAntonio,a,973,1795,2495,110.0,-51.0,-88.0,-123.0,223.0,-32.0,-382.0,sp,ids,2
5517,JoseAntonio,i,745,2291,3120,30.0,45.0,-439.0,-469.0,-39.0,33.0,6.0,sp,ids,1
5520,JoseAntonio,a,313,1379,2673,48.848,-20.0,94.0,-154.0,-941.0,-515.0,-275.0,sp,ids,1
5522,JoseAntonio,a,603,1623,2091,96.926,-198.0,-284.0,-337.0,-165.0,-27.0,-2.0,sp,ids,2
5523,JoseAntonio,a,799,1383,2001,60.0,31.0,525.0,468.0,28.0,-684.0,-438.0,sp,ids,2
5524,JoseAntonio,i,544,1721,2706,60.0,-91.0,-847.0,-132.0,-171.0,-62.0,-202.0,sp,ids,2
5525,JoseAntonio,a,1359,1879,3481,30.0,-76.0,-236.0,-537.0,33.0,85.0,107.0,sp,ids,1
5526,JoseAntonio,a,896,1719,2565,130.0,-172.0,105.0,142.0,-33.0,76.0,-31.0,sp,ids,2
5527,JoseAntonio,a,741,1614,2656,60.0,20.0,3.0,54.0,18.0,-37.0,-330.0,sp,ids,2
5529,JoseAntonio,a,988,1271,2863,30.0,-11.0,200.0,-83.0,182.0,51.0,-5.0,sp,ids,2
5530,JoseAntonio,a,990,2719,3135,30.0,-26.0,19.0,597.0,-37.0,1638.0,385.0,sp,ids,1
5531,JoseAntonio,a,933,1663,2718,100.0,-103.0,-8.0,-54.0,35.0,40.0,-20.0,sp,ids,2
5535,JoseAntonio,a,819,1810,2828,42.899,-55.0,-74.0,47.0,-26.0,170.0,378.0,sp,ids,2
5536,JoseAntonio,a,792,1610,2817,13.956,-181.0,-389.0,-594.0,13.0,18.0,-87.0,sp,ids,2
5537,JoseAntonio,a,883,1671,2995,96.92,-33.0,166.0,104.0,228.0,-25.0,181.0,sp,ids,2
5539,JoseAntonio,a,860,1289,1695,80.0,-26.0,433.0,917.0,316.0,259.0,-1149.0,sp,ids,2
5540,JoseAntonio,a,803,1666,2434,30.0,-41.0,-136.0,-386.0,-149.0,-396.0,-1143.0,sp,ids,2
5542,JoseAntonio,a,857,1009,1744,70.0,-36.0,51.0,44.0,37.0,-454.0,-1771.0,sp,ids,2
5543,JoseAntonio,a,802,1510,2672,30.0,9.0,49.0,-266.0,-56.0,-37.0,218.0,sp,ids,2
5549,JoseAntonio,a,868,1510,2553,80.0,14.0,337.0,385.0,50.0,310.0,-78.0,sp,ids,2
5551,JoseAntonio,a,922,1687,2774,110.0,-147.0,-134.0,181.0,23.0,-113.0,-205.0,sp,ids,2
5552,JoseAntonio,a,788,1907,3128,180.0,163.0,-26.0,-297.0,-175.0,467.0,913.0,sp,ids,2
5563,JoseAntonio,a,858,1618,2878,60.0,12.0,-47.0,-170.0,126.0,64.0,106.0,sp,ids,2
5567,JoseAntonio,i,207,818,2692,80.0,210.0,1848.0,581.0,-205.0,-1509.0,-723.0,sp,ids,1
5571,JoseAntonio,a,874,1294,2858,60.0,34.0,40.0,-23.0,92.0,48.0,63.0,sp,ids,2
5576,JoseAntonio,a,754,1638,2971,60.0,114.0,-128.0,-289.0,457.0,32.0,203.0,sp,ids,2
5578,JoseAntonio,i,418,2686,3154,90.0,-34.0,-135.0,-206.0,50.0,263.0,109.0,sp,ids,3
5579,JoseAntonio,i,757,1778,2644,30.0,167.0,97.0,-169.0,4.0,-224.0,18.0,sp,ids,2
5587,JoseAntonio,a,659,1208,2042,40.0,68.0,296.0,661.0,91.0,157.0,-804.0,sp,ids,2
5588,JoseAntonio,a,1090,2041,3634,30.0,-336.0,-107.0,-664.0,87.0,-214.0,566.0,sp,ids,2
5590,JoseAntonio,a,657,1587,2949,50.0,205.0,-113.0,-653.0,-0.7,-50.0,42.0,sp,ids,2
5593,JoseAntonio,i,381,2836,3160,100.0,10.0,-125.0,-145.0,-20.0,483.0,340.0,sp,ids,3
5594,JoseAntonio,i,806,2253,2840,30.0,73.0,7.0,80.0,-179.0,410.0,-136.0,sp,ids,2
5618,JoseAntonio,a,817,1773,3115,65.13,-316.0,-15.0,-86.0,68.0,88.0,111.0,sp,ids,2
5620,JoseAntonio,a,780,1470,2543,220.202,59.0,-20.0,-87.0,-24.0,-261.0,-233.0,sp,ids,2
5621,JoseAntonio,i,670,1637,2743,52.724,17.0,-34.0,-178.0,40.0,-17.0,-121.0,sp,ids,2
5628,JoseAntonio,i,546,1674,2476,53.5,16.0,-15.0,-77.0,27.0,-18.0,5.0,sp,ids,2
5629,JoseAntonio,a,805,1637,2453,83.054,-87.0,59.0,16.0,-349.0,50.0,-17.0,sp,ids,2
5630,JoseAntonio,i,661,2444,3261,81.02,-224.0,-441.0,-435.0,-45.0,30.0,65.0,sp,ids,3
5631,JoseAntonio,a,822,2861,3271,99.246,-17.0,-864.0,-56.0,36.0,310.0,45.0,sp,ids,1
5641,JoseAntonio,a,605,835,2333,30.0,6.0,24.0,-111.0,-2.0,-260.0,-289.0,sp,ids,0
5642,JoseAntonio,a,747,1415,2691,60.0,44.0,271.0,53.0,117.0,225.0,-252.0,sp,ids,2
5644,JoseAntonio,a,765,1675,2249,40.0,66.0,-4.0,736.0,-60.0,7.0,-527.0,sp,ids,2
5648,JoseAntonio,a,746,1826,3257,50.0,42.0,52.0,-708.0,77.0,606.0,1050.0,sp,ids,2
5649,JoseAntonio,a,608,1012,2594,50.0,152.0,304.0,-383.0,203.0,-150.0,-122.0,sp,ids,0
5651,JoseAntonio,a,803,1623,2785,40.0,115.0,-210.0,-265.0,35.0,-63.0,-447.0,sp,ids,2
5653,JoseAntonio,a,914,1514,2323,190.0,-65.0,79.0,75.0,253.0,420.0,-352.0,sp,ids,2
5654,JoseAntonio,a,779,1409,2806,60.0,-55.0,-120.0,-568.0,209.0,-266.0,-134.0,sp,ids,2
5657,JoseAntonio,a,1006,1755,2780,140.0,-50.0,-98.0,-177.0,437.0,-137.0,-419.0,sp,ids,2
5659,JoseAntonio,a,902,1804,3422,120.956,-16.0,42.0,-466.0,-278.0,-193.0,424.0,sp,ids,2
5660,JoseAntonio,a,1038,1700,2462,190.0,-11.0,-124.0,156.0,81.0,-38.0,-855.0,sp,ids,2
5661,JoseAntonio,a,987,1706,2440,200.0,119.0,-56.0,309.0,66.0,-39.0,-476.0,sp,ids,2
5662,JoseAntonio,i,376,2610,3343,50.0,58.0,-277.0,-256.0,77.0,1016.0,787.0,sp,ids,3
5663,JoseAntonio,a,918,2025,3086,30.0,-50.0,38.0,1.0,-15.0,28.0,219.0,sp,ids,2
5664,JoseAntonio,i,384,550,2502,90.0,-39.0,645.0,106.0,-8.0,-383.0,-160.0,sp,ids,0
5665,JoseAntonio,a,1089,2111,3104,50.0,-41.0,-22.0,-174.0,-25.0,99.0,286.0,sp,ids,2
5666,JoseAntonio,a,1034,1692,2645,167.216,-33.0,-36.0,318.0,9.0,68.0,17.0,sp,ids,2
5667,JoseAntonio,a,1125,1714,2564,233.7,-118.0,-87.0,-68.0,91.0,74.0,-288.0,sp,ids,1
5668,JoseAntonio,a,604,769,2592,134.702,-195.0,-150.0,-248.0,29.0,-153.0,-113.0,sp,ids,0
5669,JoseAntonio,i,330,1207,2844,66.157,45.0,-143.0,14.0,7.0,107.0,16.0,sp,ids,1
5670,JoseAntonio,i,380,1093,2594,44.126,22.0,128.0,91.0,-31.0,-87.0,104.0,sp,ids,0
5671,JoseAntonio,a,1108,1962,2939,320.609,-392.0,-398.0,-422.0,-373.0,15.0,-191.0,sp,ids,2
5672,JoseAntonio,i,446,922,2424,60.0,-22.0,62.0,94.0,-6.0,230.0,190.0,sp,ids,0
5673,JoseAntonio,a,206,1797,2075,120.0,1225.0,165.0,926.0,-769.0,39.0,-709.0,sp,ids,1
5674,JoseAntonio,i,445,968,2550,210.0,-66.0,10.0,-21.0,-3.0,63.0,35.0,sp,ids,2
5675,JoseAntonio,a,949,1825,2624,420.0,-43.0,120.0,180.0,226.0,632.0,503.0,sp,ids,2
5679,JoseAntonio,a,889,1877,3001,140.0,-5.0,-88.0,43.0,22.0,-150.0,-256.0,sp,ids,2
5683,JoseAntonio,i,464,2594,3212,70.0,-11.0,87.0,5.0,177.0,893.0,324.0,sp,ids,3
5685,JoseAntonio,i,467,885,2548,70.0,-14.0,52.0,-42.0,-32.0,191.0,145.0,sp,ids,0
5686,JoseAntonio,a,879,1998,3060,30.0,-169.0,-15.0,-46.0,55.0,-79.0,72.0,sp,ids,2
5688,JoseAntonio,a,817,1025,1708,520.0,-12.0,549.0,172.0,214.0,-330.0,-1101.0,sp,ids,2
5690,JoseAntonio,a,863,1280,2184,90.0,19.0,559.0,-19.0,334.0,-372.0,15.0,sp,ids,2
5693,JoseAntonio,a,612,1736,2695,90.0,242.0,-12.0,131.0,185.0,118.0,228.0,sp,ids,2
5699,JoseAntonio,a,892,1047,1783,413.394,-9.0,72.0,16.0,-4.0,142.0,8.0,sp,ids,2
5701,JoseAntonio,i,695,2455,2551,46.449,-49.0,-982.0,-114.0,62.0,255.0,-97.0,sp,ids,3
5702,JoseAntonio,a,818,1988,2280,49.932,-69.0,164.0,1236.0,16.0,933.0,137.0,sp,ids,2
5704,JoseAntonio,i,447,2019,2367,76.641,-45.0,162.0,319.0,-18.0,182.0,-165.0,sp,ids,3
5705,JoseAntonio,a,811,1681,2129,80.651,34.0,-77.0,406.0,199.0,71.0,24.0,sp,ids,2
5708,JoseAntonio,a,900,1582,2257,170.0,75.0,123.0,463.0,495.0,-83.0,-239.0,sp,ids,2
5709,JoseAntonio,i,341,1299,2606,80.0,5.0,58.0,-26.0,-0.8,3.0,76.0,sp,ids,0
5710,JoseAntonio,i,371,963,2549,60.0,-21.0,261.0,12.0,-3.0,94.0,140.0,sp,ids,0
5711,JoseAntonio,a,773,2007,3132,40.0,-15.0,-114.0,-578.0,18.0,165.0,434.0,sp,ids,2
5712,JoseAntonio,i,406,2250,2650,90.0,120.0,6.0,197.0,2.0,1687.0,400.0,sp,ids,3
5713,JoseAntonio,a,1072,1981,2854,50.0,22.0,76.0,-155.0,189.0,100.0,284.0,sp,ids,2
5714,JoseAntonio,a,808,1980,2677,70.0,76.0,-121.0,-242.0,333.0,504.0,53.0,sp,ids,2
5715,JoseAntonio,i,335,931,2883,120.767,95.0,-61.0,-83.0,-536.0,-1050.0,469.0,sp,ids,0
5716,JoseAntonio,i,407,2398,3122,83.608,80.0,8.0,-166.0,-393.0,7.0,-92.0,sp,ids,3
5718,JoseAntonio,i,301,645,2426,50.0,9.0,3.0,138.0,9.0,-1815.0,-763.0,sp,ids,0
5721,JoseAntonio,a,702,1219,1698,310.0,133.0,160.0,79.0,4.0,81.0,12.0,sp,ids,2
5725,JoseAntonio,a,391,1172,2253,111.477,23.0,22.0,-521.0,-2.0,5.0,21.0,sp,ids,0
5726,JoseAntonio,a,552,1001,1751,714.016,34.0,-123.0,79.0,-15.0,57.0,-70.0,sp,ids,0
5727,JoseAntonio,i,469,1125,2404,114.961,-61.0,144.0,35.0,-16.0,137.0,123.0,sp,ids,0
5728,JoseAntonio,a,666,842,1963,117.283,184.0,896.0,1531.0,-147.0,-901.0,-1283.0,sp,ids,0
5729,JoseAntonio,i,426,2448,3502,114.961,22.0,-91.0,-489.0,103.0,290.0,707.0,sp,ids,3
5730,JoseAntonio,a,931,1767,2500,64.577,237.0,143.0,714.0,-120.0,-12.0,-565.0,sp,ids,2
5731,JoseAntonio,a,1036,1800,3395,150.0,-112.0,-344.0,-533.0,121.0,804.0,619.0,sp,ids,2
5732,JoseAntonio,a,1016,1679,2490,360.0,-707.0,-635.0,-607.0,647.0,437.0,474.0,sp,ids,2
5737,JoseAntonio,a,975,1642,2344,160.0,-58.0,-97.0,-225.0,335.0,360.0,229.0,sp,ids,2
5738,JoseAntonio,i,523,965,2462,195.085,79.0,1410.0,546.0,-2.0,-776.0,462.0,sp,ids,0
5741,JoseAntonio,a,626,1349,2234,58.097,-18.0,-122.0,169.0,-25.0,-154.0,304.0,sp,ids,0
5743,JoseAntonio,a,467,1460,2829,65.633,110.0,163.0,-326.0,-218.0,-765.0,252.0,sp,ids,0
5745,JoseAntonio,a,1020,2095,2987,141.562,-92.0,-329.0,-418.0,397.0,354.0,-8.0,sp,ids,2
5748,JoseAntonio,a,954,1751,2540,120.0,-169.0,-280.0,-685.0,-161.0,-111.0,-157.0,sp,ids,2
5749,JoseAntonio,a,859,1444,1918,200.0,-35.0,35.0,-120.0,3.0,-62.0,-709.0,sp,ids,2
5750,JoseAntonio,a,797,1076,1902,200.0,183.0,491.0,316.0,-87.0,-442.0,-335.0,sp,ids,2
5752,JoseAntonio,a,1049,1319,1854,90.0,-173.0,63.0,117.0,-55.0,-729.0,-1013.0,sp,ids,2
5753,JoseAntonio,a,982,1651,2544,170.0,-45.0,68.0,110.0,79.0,286.0,-135.0,sp,ids,2
5754,JoseAntonio,a,987,1648,2554,350.0,-13.0,24.0,-44.0,-3.0,-90.0,-110.0,sp,ids,2
5756,JoseAntonio,i,441,804,2638,100.0,14.0,1747.0,635.0,-76.0,-1652.0,-658.0,sp,ids,0
5757,JoseAntonio,a,1075,1889,3269,40.0,-286.0,-1.0,-538.0,-28.0,-25.0,-56.0,sp,ids,2
5763,JoseAntonio,a,692,1720,2168,60.0,18.0,-941.0,-148.0,279.0,149.0,-383.0,sp,ids,2
5773,JoseAntonio,a,892,1847,3025,110.0,-25.0,-72.0,26.0,54.0,103.0,54.0,sp,ids,2
5774,JoseAntonio,i,247,1720,2843,30.0,12.0,26.0,-190.0,-690.0,-506.0,-284.0,sp,ids,1
5775,JoseAntonio,a,939,2188,2332,30.0,-125.0,-448.0,335.0,64.0,174.0,-243.0,sp,ids,2
5776,JoseAntonio,i,637,2245,3233,40.0,-100.0,-199.0,-288.0,-82.0,-32.0,-39.0,sp,ids,1
5777,JoseAntonio,a,800,1989,3107,30.0,23.0,98.0,-74.0,113.0,73.0,-49.0,sp,ids,2
5781,JoseAntonio,a,752,1079,1748,90.0,-47.0,257.0,-12.0,81.0,-326.0,-380.0,sp,ids,2
5787,JoseAntonio,i,399,2306,3185,139.564,97.0,262.0,87.0,-150.0,394.0,11.0,sp,ids,1
5790,JoseAntonio,i,460,1254,2482,89.942,49.0,1281.0,894.0,173.0,-184.0,17.0,sp,ids,0
5797,JoseAntonio,a,729,1757,3112,90.0,-48.0,-983.0,-1170.0,149.0,-569.0,-69.0,sp,ids,2
5805,JoseAntonio,a,594,1420,2389,110.0,16.0,-9.0,261.0,135.0,110.0,-202.0,sp,ids,0
5806,JoseAntonio,a,403,1923,3392,30.0,56.0,29.0,-337.0,103.0,220.0,137.0,sp,ids,1
5809,JoseAntonio,i,392,2082,3460,30.0,44.0,-136.0,-138.0,87.0,109.0,117.0,sp,ids,3
5814,JoseAntonio,a,681,1382,2756,80.0,12.0,14.0,-131.0,44.0,171.0,103.0,sp,ids,2
5815,JoseAntonio,a,721,1173,2757,100.0,-14.0,72.0,58.0,160.0,326.0,-52.0,sp,ids,2
5820,JoseAntonio,a,840,1393,2402,260.0,-3.0,138.0,-784.0,268.0,369.0,-93.0,sp,ids,2
5821,JoseAntonio,a,1074,1650,2529,110.0,-159.0,-198.0,-435.0,-71.0,-40.0,34.0,sp,ids,1
5828,JoseAntonio,a,894,1505,2940,90.0,-20.0,108.0,-52.0,282.0,362.0,424.0,sp,ids,2
5836,JoseAntonio,a,592,1124,2229,220.0,-64.0,17.0,33.0,-82.0,-594.0,-1191.0,sp,ids,0
5839,JoseAntonio,a,511,928,2071,120.0,106.0,-21.0,172.0,25.0,-90.0,-66.0,sp,ids,0
5845,JoseAntonio,a,486,1221,1834,583.748,13.0,-114.0,380.0,21.0,-267.0,-397.0,sp,ids,0
5848,JoseAntonio,a,809,1479,2287,114.605,86.0,448.0,716.0,-57.0,-631.0,-300.0,sp,ids,2
5849,JoseAntonio,a,815,1500,2697,50.0,8.0,41.0,-47.0,109.0,-79.0,-127.0,sp,ids,2
5850,JoseAntonio,a,633,1806,3091,30.0,61.0,-89.0,-261.0,442.0,29.0,57.0,sp,ids,2
5855,JoseAntonio,i,403,1948,3095,30.0,28.0,246.0,-68.0,60.0,443.0,563.0,sp,ids,3
5856,JoseAntonio,i,624,1075,2714,322.28,-186.0,296.0,228.0,-34.0,-253.0,49.0,sp,ids,0
5857,JoseAntonio,a,890,1433,2577,339.54,-37.0,-184.0,134.0,30.0,41.0,187.0,sp,ids,2
5860,JoseAntonio,a,529,1092,2468,474.519,146.0,132.0,-122.0,107.0,3.0,18.0,sp,ids,0
5863,JoseAntonio,i,630,1306,2554,204.695,8.0,-252.0,278.0,66.0,-503.0,26.0,sp,ids,0
5864,JoseAntonio,a,956,1612,2683,490.0,82.0,110.0,-207.0,-100.0,-110.0,-299.0,sp,ids,2
5865,JoseAntonio,i,567,2214,2657,30.0,-66.0,-523.0,-59.0,-14.0,134.0,496.0,sp,ids,3
5866,JoseAntonio,a,727,1730,1840,90.0,-182.0,104.0,86.0,98.0,-27.0,-267.0,sp,ids,2
5870,JoseAntonio,i,338,1336,2623,110.0,9.0,145.0,75.0,-0.08,38.0,48.0,sp,ids,0
5871,JoseAntonio,a,973,1623,2098,70.0,148.0,469.0,1007.0,83.0,216.0,132.0,sp,ids,2
5872,JoseAntonio,i,513,1311,2210,30.0,-21.0,-65.0,51.0,-5.0,-99.0,-468.0,sp,ids,0
5873,JoseAntonio,a,555,1132,2130,210.0,23.0,47.0,663.0,22.0,-474.0,91.0,sp,ids,2
5874,JoseAntonio,i,388,1882,2663,40.0,-37.0,74.0,28.0,1.0,-13.0,-141.0,sp,ids,3
5875,JoseAntonio,a,423,1032,2796,170.0,124.0,452.0,-340.0,-511.0,-863.0,-111.0,sp,ids,0
5876,JoseAntonio,a,950,1745,2798,46.521,-19.0,13.0,108.0,-12.0,-2.0,-139.0,sp,ids,2
5877,JoseAntonio,a,943,1620,2066,83.739,-71.0,116.0,474.0,-23.0,50.0,-439.0,sp,ids,2
5879,JoseAntonio,a,576,2145,2670,74.434,22.0,-199.0,69.0,47.0,237.0,50.0,sp,ids,3
5885,JoseAntonio,a,808,1661,2773,70.0,3.0,269.0,199.0,134.0,351.0,61.0,sp,ids,2
5887,JoseAntonio,i,542,2713,3999,89.942,-105.0,271.0,155.0,-125.0,244.0,526.0,sp,ids,3
5888,JoseAntonio,a,833,1749,2729,58.927,-31.0,80.0,19.0,78.0,-123.0,-32.0,sp,ids,2
5889,JoseAntonio,i,582,2380,2984,72.108,-124.0,-1814.0,-417.0,50.0,62.0,-602.0,sp,ids,3
5890,JoseAntonio,a,588,2218,3079,71.333,56.0,-303.0,-47.0,145.0,196.0,-64.0,sp,ids,3
5891,JoseAntonio,i,436,862,2886,90.717,17.0,1968.0,153.0,-124.0,-1501.0,-503.0,sp,ids,0
5893,JoseAntonio,a,933,1452,2651,350.0,-48.0,-40.0,125.0,-17.0,-47.0,330.0,sp,ids,2
5894,JoseAntonio,a,791,1474,2831,130.0,37.0,-227.0,210.0,-256.0,78.0,-372.0,sp,ids,2
5897,JoseAntonio,a,821,1331,2670,120.0,-10.0,99.0,-394.0,168.0,366.0,-59.0,sp,ids,2
5898,JoseAntonio,a,948,1480,2567,80.0,-118.0,-189.0,-114.0,331.0,369.0,866.0,sp,ids,2
5900,JoseAntonio,a,962,1526,2340,210.0,28.0,-69.0,3.0,163.0,222.0,-156.0,sp,ids,2
5901,JoseAntonio,a,1150,1416,2492,100.0,-9.0,272.0,-226.0,55.0,-270.0,-338.0,sp,ids,2
5902,Maddy2,a,734,1608,1696,50.0,109.0,-30.0,1202.0,49.0,-174.0,-291.0,sp,ids,2
5905,Maddy2,a,713,1493,2272,110.0,-87.0,58.0,460.0,61.0,135.0,46.0,sp,ids,2
5908,Maddy2,a,741,1630,2297,70.0,-0.7,-14.0,-164.0,52.0,43.0,-55.0,sp,ids,2
5912,Maddy2,a,719,1091,1968,170.0,129.0,203.0,248.0,330.0,-109.0,-398.0,sp,ids,2
5914,Maddy2,a,983,2180,3181,30.0,-0.5,-350.0,-226.0,-64.0,55.0,-368.0,sp,ids,2
5916,Maddy2,a,827,1227,2220,90.0,-61.0,-31.0,-121.0,123.0,141.0,165.0,sp,ids,2
5917,Maddy2,a,857,1467,3288,240.0,5.0,-41.0,-1341.0,-60.0,-297.0,285.0,sp,ids,2
5918,Maddy2,a,841,1240,2208,90.0,3.0,18.0,-13.0,247.0,296.0,82.0,sp,ids,2
5919,Maddy2,a,881,1413,2238,300.0,-5.0,21.0,-264.0,-31.0,172.0,-668.0,sp,ids,2
5920,Maddy2,i,435,2603,3543,110.0,116.0,-137.0,-480.0,-101.0,152.0,739.0,sp,ids,3
5921,Maddy2,a,1035,1841,2466,120.0,-436.0,71.0,385.0,-0.09,69.0,-290.0,sp,ids,2
5922,Maddy2,a,774,1365,2670,90.0,-11.0,-11.0,-39.0,113.0,232.0,66.0,sp,ids,2
5923,Maddy2,a,932,1372,1732,140.0,-141.0,57.0,966.0,-6.0,-422.0,-1130.0,sp,ids,2
5927,Maddy2,a,677,1392,1824,60.0,-8.0,255.0,-8.0,41.0,-396.0,-1118.0,sp,ids,0
5929,Maddy2,a,854,1362,2655,70.0,-18.0,-20.0,7.0,68.0,68.0,-31.0,sp,ids,2
5930,Maddy2,a,954,1800,2893,150.0,-10.0,-220.0,-249.0,9.0,51.0,-270.0,sp,ids,2
5931,Maddy2,i,655,2640,3018,120.0,5.0,-53.0,-54.0,86.0,4.0,71.0,sp,ids,3
5932,Maddy2,a,829,1805,2246,120.0,-20.0,156.0,726.0,-146.0,12.0,-546.0,sp,ids,2
5933,Maddy2,i,675,2704,3118,100.0,-16.0,-11.0,-30.0,95.0,1808.0,436.0,sp,ids,3
5934,Maddy2,a,825,1862,3075,100.0,-115.0,70.0,-76.0,107.0,178.0,167.0,sp,ids,2
5936,Maddy2,a,745,1251,2660,130.0,-23.0,63.0,90.0,38.0,106.0,-115.0,sp,ids,2
5937,Maddy2,a,851,1557,3035,200.0,-2.0,-217.0,-325.0,-241.0,-412.0,-320.0,sp,ids,2
5938,Maddy2,a,904,956,1798,180.0,10.0,1004.0,1330.0,133.0,-263.0,-441.0,sp,ids,2
5939,Maddy2,i,382,2250,3237,50.0,15.0,-1383.0,-368.0,-31.0,-10.0,-213.0,sp,ids,3
5944,Maddy2,a,831,1373,2997,610.0,28.0,236.0,-82.0,274.0,338.0,-1.0,sp,ids,2
5951,Maddy2,a,881,1621,2298,240.0,-97.0,174.0,824.0,-9.0,-82.0,-661.0,sp,ids,2
5958,Maddy2,i,446,2800,3025,100.0,138.0,-81.0,144.0,21.0,226.0,-265.0,sp,ids,3
5959,Maddy2,a,898,2040,3034,140.0,-233.0,-1063.0,-927.0,301.0,283.0,83.0,sp,ids,2
5973,Maddy2,a,718,1227,2349,100.0,-15.0,-301.0,-112.0,99.0,-98.0,-2.0,sp,ids,2
5974,Maddy2,a,796,1653,2532,200.0,-75.0,77.0,128.0,19.0,-34.0,-76.0,sp,ids,2
5975,Maddy2,a,567,1662,2693,70.0,56.0,144.0,13.0,64.0,117.0,66.0,sp,ids,2
5976,Maddy2,a,734,2312,2400,114.753,-22.0,-67.0,911.0,-68.0,120.0,-755.0,sp,ids,2
5982,Maddy2,i,458,566,2893,90.0,-251.0,0.1,-198.0,49.0,-1608.0,-460.0,sp,ids,0
5992,Maddy2,i,435,2362,3003,40.0,-18.0,222.0,288.0,-10.0,197.0,-27.0,sp,ids,3
5993,Maddy2,a,805,1861,2278,60.0,47.0,161.0,752.0,-148.0,-51.0,77.0,sp,ids,2
6000,Maddy2,a,757,1728,2551,161.274,-407.0,85.0,18.0,232.0,-431.0,-250.0,sp,ids,2
6001,Maddy2,i,523,2539,3147,30.0,7.0,30.0,252.0,10.0,129.0,330.0,sp,ids,3
6003,Maddy2,a,707,1876,2876,50.0,54.0,-109.0,-189.0,5.0,4.0,60.0,sp,ids,2
6004,Maddy2,a,729,1921,2781,71.333,-18.0,11.0,51.0,126.0,-57.0,-436.0,sp,ids,2
6005,Maddy2,i,1324,2349,3261,58.927,-651.0,-218.0,-97.0,-356.0,-652.0,-65.0,sp,ids,1
6006,Maddy2,i,464,2826,3181,80.0,-8.0,-2306.0,-316.0,37.0,1878.0,324.0,sp,ids,3
6011,Maddy2,a,785,1662,2776,80.637,2.0,-7.0,88.0,82.0,30.0,-80.0,sp,ids,2
6012,Maddy2,a,865,1673,2712,227.195,-336.0,-276.0,-43.0,-19.0,-26.0,22.0,sp,ids,2
6013,Maddy2,a,628,1742,2979,186.086,149.0,16.0,-667.0,484.0,56.0,105.0,sp,ids,1
6014,Maddy2,i,486,1721,2391,30.0,23.0,48.0,89.0,35.0,71.0,46.0,sp,ids,0
6015,Maddy2,i,547,2099,2820,80.0,21.0,-64.0,-53.0,14.0,32.0,105.0,sp,ids,3
6016,Maddy2,i,443,1507,2267,30.0,24.0,29.0,-27.0,5.0,115.0,-38.0,sp,ids,3
6017,Maddy2,i,550,1741,2464,30.0,-46.0,-58.0,-62.0,-2.0,-32.0,-65.0,sp,ids,2
6018,Maddy2,i,451,806,2909,145.767,-22.0,332.0,-147.0,-44.0,73.0,87.0,sp,ids,0
6020,Maddy2,a,543,1498,2519,178.747,293.0,244.0,308.0,-122.0,-200.0,12.0,sp,ids,2
6021,Maddy2,a,820,1517,2369,110.0,-87.0,25.0,83.0,10.0,-79.0,-53.0,sp,ids,2
6022,Maddy2,a,701,2043,2818,120.0,-188.0,-359.0,-582.0,125.0,-321.0,63.0,sp,ids,2
6031,Maddy2,a,727,1652,2654,70.0,-27.0,-60.0,19.0,-69.0,-111.0,92.0,sp,ids,2
6032,Maddy2,a,862,1697,2744,130.0,-53.0,27.0,-69.0,36.0,26.0,121.0,sp,ids,2
6034,Maddy2,a,864,1563,2633,173.68,-273.0,-365.0,-108.0,209.0,127.0,-102.0,sp,ids,2
6037,Maddy2,a,805,1483,2020,417.635,-38.0,-82.0,586.0,-81.0,-39.0,-792.0,sp,ids,2
6038,Maddy2,i,414,2017,2987,133.009,-14.0,820.0,520.0,2.0,30.0,-86.0,sp,ids,3
6039,Maddy2,a,828,1586,2198,173.68,-46.0,-103.0,-349.0,99.0,93.0,-113.0,sp,ids,2
6046,Maddy2,i,472,2848,3224,165.498,-22.0,-71.0,-113.0,138.0,1365.0,349.0,sp,ids,3
6048,Maddy2,a,649,1488,2343,110.0,7.0,263.0,300.0,152.0,277.0,-8.0,sp,ids,2
6049,Maddy2,a,870,1662,2539,160.0,-76.0,47.0,151.0,8.0,64.0,699.0,sp,ids,2
6054,Maddy2,a,541,1005,2248,150.0,222.0,736.0,676.0,-28.0,-212.0,-382.0,sp,ids,0
6056,Maddy2,a,609,1192,2813,60.0,18.0,86.0,30.0,90.0,-24.0,-67.0,sp,ids,0
6059,Maddy2,a,908,1723,2661,200.0,-27.0,111.0,295.0,26.0,-52.0,726.0,sp,ids,2
6060,Maddy2,i,464,1671,2583,60.0,3.0,-334.0,210.0,-929.0,-701.0,-1049.0,sp,ids,1
6068,Maddy2,a,633,1458,2873,60.0,-14.0,6.0,-37.0,65.0,147.0,80.0,sp,ids,2
6069,Maddy2,a,681,1710,2873,90.0,-32.0,152.0,-149.0,154.0,127.0,-24.0,sp,ids,2
6071,Maddy2,a,763,1537,2839,120.0,-16.0,32.0,34.0,107.0,186.0,-58.0,sp,ids,2
6072,Maddy2,a,803,1558,2598,110.0,-63.0,-311.0,-39.0,90.0,-102.0,-215.0,sp,ids,2
6076,Maddy2,a,777,1261,2985,620.287,14.0,-247.0,-3.0,62.0,-63.0,83.0,sp,ids,2
6077,Maddy2,a,829,1368,2864,680.0,72.0,210.0,-178.0,60.0,-9.0,-67.0,sp,ids,2
6080,Maddy2,i,592,1975,2998,30.0,-39.0,-1180.0,-417.0,232.0,1190.0,254.0,sp,ids,3
6081,Maddy2,a,737,1554,2911,80.0,-68.0,-27.0,-12.0,70.0,80.0,-24.0,sp,ids,2
6082,Maddy2,a,658,1879,2812,100.0,11.0,68.0,38.0,35.0,33.0,-18.0,sp,ids,2
6084,Maddy2,a,721,1660,2785,150.0,22.0,41.0,71.0,93.0,7.0,-117.0,sp,ids,2
6085,Maddy2,a,764,1530,2558,100.0,-78.0,-299.0,18.0,108.0,154.0,401.0,sp,ids,2
6089,Maddy2,i,388,1991,2980,50.0,-50.0,-80.0,-198.0,25.0,159.0,294.0,sp,ids,3
6091,Maddy2,a,652,1333,2842,60.0,-39.0,162.0,-5.0,94.0,352.0,71.0,sp,ids,2
6093,Maddy2,i,493,2228,2778,70.0,4.0,94.0,16.0,-1.0,-227.0,86.0,sp,ids,3
6099,Maddy2,a,604,1263,2937,50.0,14.0,-87.0,-35.0,69.0,23.0,10.0,sp,ids,0
6100,Maddy2,a,735,1756,2907,70.0,-34.0,240.0,-236.0,41.0,174.0,-71.0,sp,ids,2
6102,Maddy2,a,691,1161,2644,70.0,43.0,287.0,435.0,108.0,202.0,-267.0,sp,ids,2
6103,Maddy2,a,615,1226,2744,60.0,41.0,-52.0,90.0,-6.0,-108.0,-171.0,sp,ids,2
6104,Maddy2,i,364,629,2863,160.0,208.0,2489.0,666.0,-104.0,-427.0,-37.0,sp,ids,0
6107,Maddy2,a,641,1359,2610,80.0,41.0,60.0,32.0,119.0,164.0,-31.0,sp,ids,2
6108,Maddy2,a,613,1135,2331,60.0,-15.0,-3.0,106.0,6.0,-68.0,-255.0,sp,ids,2
6109,Maddy2,a,544,1990,2746,60.0,79.0,-198.0,105.0,56.0,-176.0,-45.0,sp,ids,3
6110,Maddy2,i,458,2682,3105,60.0,-91.0,-505.0,-146.0,49.0,546.0,297.0,sp,ids,3
6111,Maddy2,a,763,1747,2602,180.0,-3.0,-23.0,91.0,119.0,-85.0,-116.0,sp,ids,2
6112,Maddy2,i,485,1083,2786,130.0,11.0,1624.0,410.0,-117.0,-1755.0,-655.0,sp,ids,0
6114,Maddy2,i,443,2275,2648,111.652,-6.0,-79.0,-110.0,-10.0,413.0,-17.0,sp,ids,3
6116,Maddy2,i,630,2574,3420,300.0,-105.0,291.0,411.0,34.0,218.0,530.0,sp,ids,3
6117,Maddy2,a,1094,1627,2995,462.113,19.0,-83.0,-259.0,103.0,-130.0,-304.0,sp,ids,2
6119,Maddy2,a,738,1401,2631,130.0,0.8,-2.0,-109.0,92.0,186.0,0.0,sp,ids,2
6121,Maddy2,a,735,1483,2699,90.0,-55.0,25.0,117.0,37.0,111.0,-245.0,sp,ids,2
6123,Maddy2,a,711,1483,1870,140.0,19.0,291.0,469.0,199.0,-165.0,-1246.0,sp,ids,0
6125,Maddy2,i,393,2090,2533,260.548,37.0,-35.0,309.0,-0.3,-499.0,-223.0,sp,ids,3
6127,Maddy2,a,612,1189,2378,60.0,-33.0,-33.0,24.0,-37.0,-192.0,67.0,sp,ids,0
6129,Maddy2,a,622,1589,2814,60.0,95.0,17.0,-69.0,133.0,-25.0,-51.0,sp,ids,2
6131,Maddy2,a,665,1521,2796,80.0,-2.0,2.0,67.0,110.0,220.0,38.0,sp,ids,2
6132,Maddy2,a,607,1167,2656,70.0,-60.0,-17.0,2.0,29.0,42.0,-78.0,sp,ids,0
6133,Maddy2,a,736,1294,2667,70.0,10.0,-30.0,54.0,-45.0,-194.0,-204.0,sp,ids,1
6138,Maddy2,a,603,1486,2809,70.0,-2.0,45.0,42.0,27.0,41.0,113.0,sp,ids,2
6139,Maddy2,a,647,1216,2734,60.0,-40.0,-53.0,-171.0,33.0,-3.0,143.0,sp,ids,2
6140,Maddy2,a,581,1034,2150,50.0,80.0,-14.0,128.0,159.0,37.0,-528.0,sp,ids,2
6144,Maddy2,a,552,1838,3123,50.0,-8.0,-70.0,-154.0,83.0,-143.0,123.0,sp,ids,2
6147,Maddy2,a,487,2687,2963,30.0,48.0,-19.0,222.0,42.0,-44.0,-67.0,sp,ids,3
6153,Maddy2,a,707,1381,3002,60.0,13.0,223.0,-89.0,114.0,-13.0,-77.0,sp,ids,2
6159,Maddy2,a,447,1827,2654,40.0,119.0,-46.0,-6.0,68.0,-10.0,-64.0,sp,ids,3
6160,Maddy2,a,586,1793,2639,40.0,2.0,81.0,-76.0,60.0,29.0,-35.0,sp,ids,2
6162,Maddy2,a,1424,2659,3532,80.637,65.0,-223.0,-11.0,357.0,491.0,236.0,sp,ids,1
6163,Maddy2,a,596,1463,2576,37.217,118.0,241.0,332.0,61.0,19.0,-455.0,sp,ids,2
6168,Maddy2,i,529,2635,3167,369.07,-153.0,-1596.0,-154.0,-69.0,331.0,84.0,sp,ids,3
6170,Maddy2,a,897,1763,3026,285.332,462.0,427.0,-28.0,-408.0,-763.0,-482.0,sp,ids,2
6172,Maddy2,a,804,1842,2837,160.0,96.0,43.0,-232.0,207.0,160.0,4.0,sp,ids,2
6176,Maddy2,a,664,1759,2856,130.0,115.0,19.0,81.0,-169.0,15.0,129.0,sp,ids,2
6179,Maddy2,a,1456,2137,3480,415.592,-1108.0,-509.0,-1174.0,594.0,410.0,1014.0,sp,ids,1
6181,Maddy2,a,945,1835,2721,180.0,-110.0,69.0,-37.0,254.0,753.0,44.0,sp,ids,2
6186,Maddy2,a,633,1688,2672,90.0,29.0,-37.0,38.0,110.0,68.0,-152.0,sp,ids,2
6189,Maddy2,a,873,1570,2798,60.0,-32.0,36.0,-140.0,279.0,396.0,204.0,sp,ids,2
6192,Maddy2,a,710,1797,2707,70.0,14.0,-72.0,0.0,34.0,74.0,51.0,sp,ids,2
6193,Maddy2,a,646,1983,2062,70.0,134.0,-246.0,509.0,113.0,-162.0,-511.0,sp,ids,1
6197,Maddy2,a,739,1498,2510,90.0,-17.0,89.0,90.0,70.0,415.0,478.0,sp,ids,2
6208,Maddy2,i,485,2444,2808,37.217,-73.0,-65.0,109.0,-60.0,242.0,-72.0,sp,ids,3
6209,Maddy2,a,486,2183,2328,143.054,57.0,-137.0,478.0,-7.0,41.0,-849.0,sp,ids,3
6214,Maddy2,i,357,2524,2970,40.0,-3.0,-38.0,-34.0,-58.0,367.0,55.0,sp,ids,3
6215,Maddy2,a,986,1708,2458,120.0,-129.0,398.0,350.0,350.0,-2.0,65.0,sp,ids,2
6217,Maddy2,a,521,1964,2616,30.0,-14.0,-114.0,-548.0,9.0,108.0,-67.0,sp,ids,2
6226,Maddy2,i,487,2447,2824,52.724,3.0,56.0,82.0,3.0,264.0,28.0,sp,ids,3
6227,Maddy2,a,798,1492,2129,99.246,-196.0,411.0,506.0,165.0,-119.0,1.0,sp,ids,2
6228,Maddy2,i,371,1663,2685,62.029,-37.0,223.0,-243.0,-83.0,-640.0,-333.0,sp,ids,0
6229,Maddy2,a,961,1735,2556,136.463,125.0,360.0,347.0,73.0,128.0,-126.0,sp,ids,2
6230,Maddy2,a,951,1716,2804,130.26,-119.0,-91.0,-297.0,459.0,571.0,393.0,sp,ids,2
6232,Maddy2,a,733,1648,2657,64.792,-43.0,-6.0,-20.0,14.0,38.0,161.0,sp,ids,1
6234,Maddy2,i,607,2851,3410,174.456,-82.0,-41.0,-363.0,206.0,1696.0,700.0,sp,ids,3
6236,Maddy2,a,648,1574,2522,90.0,-9.0,17.0,-161.0,67.0,164.0,233.0,sp,ids,2
6238,Maddy2,i,627,2322,3084,85.336,-101.0,-233.0,-132.0,33.0,202.0,71.0,sp,ids,3
6239,Maddy2,a,943,1851,2908,111.422,151.0,45.0,-184.0,-194.0,142.0,-32.0,sp,ids,2
6240,Maddy2,i,594,2750,3443,90.0,-41.0,-4.0,-165.0,0.2,175.0,125.0,sp,ids,3
6241,Maddy2,a,826,1890,2761,120.0,-83.0,-128.0,-55.0,88.0,-336.0,66.0,sp,ids,2
6245,Maddy2,a,665,1449,2280,96.831,-9.0,133.0,368.0,74.0,138.0,19.0,sp,ids,2
6255,Maddy2,a,750,1503,2564,170.0,-129.0,26.0,-15.0,103.0,-244.0,-16.0,sp,ids,2
6257,Maddy2,i,1459,2685,3508,155.072,51.0,-30.0,-161.0,224.0,167.0,63.0,sp,ids,1
6258,Maddy2,a,855,1986,2602,89.942,20.0,47.0,62.0,-52.0,-50.0,-196.0,sp,ids,2
6261,Maddy2,a,1031,1643,3019,508.635,35.0,-83.0,-801.0,-650.0,-1098.0,-563.0,sp,ids,2
6266,Maddy2,a,587,1881,2714,70.0,64.0,-131.0,-85.0,84.0,-139.0,-10.0,sp,ids,2
6267,Maddy2,i,416,2494,3537,105.449,184.0,-561.0,-355.0,-1155.0,-214.0,-379.0,sp,ids,3
6270,Maddy2,a,737,1420,1855,460.0,53.0,273.0,333.0,7.0,-132.0,-760.0,sp,ids,2
6279,Maddy2,a,753,1322,1792,270.0,-13.0,-195.0,-11.0,162.0,-29.0,-288.0,sp,ids,2
6281,Maddy2,a,779,1767,2441,290.0,-111.0,-692.0,-338.0,196.0,-525.0,-553.0,sp,ids,2
6282,Maddy2,a,546,1776,2197,60.0,125.0,175.0,348.0,-6.0,-50.0,11.0,sp,ids,2
6283,Maddy2,i,412,1314,2856,80.0,-32.0,-430.0,190.0,-80.0,-399.0,59.0,sp,ids,0
6284,Maddy2,a,691,1496,2216,140.0,-43.0,418.0,407.0,76.0,-227.0,123.0,sp,ids,2
6286,Maddy2,a,902,1480,1888,290.0,-102.0,0.4,721.0,13.0,196.0,308.0,sp,ids,2
6288,Maddy2,a,701,1416,2296,120.0,37.0,53.0,93.0,130.0,218.0,-93.0,sp,ids,2
6290,Maddy2,a,800,969,2052,170.0,-195.0,327.0,-29.0,168.0,-90.0,-28.0,sp,ids,2
6292,Maddy2,a,597,1413,1925,157.13,92.0,105.0,1381.0,52.0,440.0,-663.0,sp,ids,2
6297,Maddy2,i,580,2230,3109,40.0,6.0,-24.0,-73.0,-13.0,117.0,52.0,sp,ids,3
6298,Maddy2,a,694,1882,2537,80.0,-107.0,44.0,224.0,-39.0,515.0,254.0,sp,ids,2
6305,Maddy2,a,1033,1780,3228,430.0,-69.0,-654.0,-1373.0,71.0,44.0,60.0,sp,ids,2
6307,Maddy2,i,502,2516,2963,106.999,60.0,-185.0,-45.0,139.0,321.0,23.0,sp,ids,3
6309,Maddy2,i,669,2971,3335,144.217,23.0,-112.0,-12.0,77.0,149.0,11.0,sp,ids,3
6310,Maddy2,a,792,1648,2309,150.0,-61.0,-22.0,311.0,68.0,-21.0,65.0,sp,ids,2
6314,Maddy2,a,820,1600,2510,110.0,26.0,11.0,37.0,63.0,-88.0,179.0,sp,ids,2
6315,Maddy2,a,829,1654,1781,120.0,29.0,10.0,-82.0,214.0,136.0,137.0,sp,ids,2
6316,Maddy2,a,811,1540,2373,150.0,0.4,43.0,247.0,25.0,-47.0,266.0,sp,ids,2
6319,Maddy2,a,900,1592,2848,210.0,-49.0,-29.0,-209.0,-140.0,134.0,-9.0,sp,ids,2
6320,Maddy2,i,585,2701,3303,90.0,45.0,-65.0,-264.0,47.0,229.0,248.0,sp,ids,3
6321,Maddy2,a,852,1620,2554,150.0,-146.0,156.0,142.0,123.0,18.0,-367.0,sp,ids,2
6325,Maddy2,a,865,1625,2092,310.0,-99.0,-177.0,-29.0,55.0,-140.0,7.0,sp,ids,2
6326,Maddy2,a,814,1682,2265,260.0,-259.0,143.0,153.0,100.0,315.0,73.0,sp,ids,2
6332,Maddy2,i,409,2032,3075,120.0,14.0,-896.0,-82.0,-2.0,957.0,129.0,sp,ids,3
6335,Maddy2,i,517,2719,3048,120.0,-43.0,114.0,86.0,15.0,480.0,-33.0,sp,ids,3
6336,Maddy2,a,704,1582,2797,90.0,-35.0,83.0,120.0,89.0,87.0,34.0,sp,ids,2
6337,Maddy2,a,687,1650,2754,70.0,50.0,-68.0,6.0,124.0,-74.0,-97.0,sp,ids,2
6339,Maddy2,a,683,1491,2681,90.0,3.0,6.0,29.0,109.0,89.0,-166.0,sp,ids,2
6343,Maddy2,i,393,896,2928,140.0,-4.0,-30.0,-145.0,35.0,-1334.0,-124.0,sp,ids,0
6344,Maddy2,a,622,1546,1659,80.0,9.0,-6.0,1097.0,-2.0,13.0,-1119.0,sp,ids,2
6345,Maddy2,i,418,2350,3110,60.0,10.0,-53.0,-58.0,-32.0,131.0,58.0,sp,ids,3
6346,Maddy2,a,545,1975,2703,60.0,23.0,15.0,240.0,90.0,160.0,120.0,sp,ids,2
6347,Maddy2,a,782,1447,2275,90.0,-101.0,-197.0,-501.0,88.0,-190.0,147.0,sp,ids,2
6348,Maddy2,a,853,1689,2365,90.0,0.6,10.0,-277.0,137.0,62.0,631.0,sp,ids,2
6349,Maddy2,a,870,1490,2502,140.0,-90.0,15.0,-229.0,86.0,13.0,729.0,sp,ids,2
6351,Maddy2,a,693,1640,2058,50.0,65.0,45.0,275.0,96.0,31.0,-63.0,sp,ids,1
6352,Maddy2,i,397,2760,3184,120.0,47.0,-263.0,-220.0,141.0,191.0,290.0,sp,ids,3
6360,Maddy2,i,392,932,2587,30.0,-17.0,1411.0,1196.0,69.0,-1135.0,-104.0,sp,ids,0
6361,Maddy2,a,441,1926,2696,60.0,29.0,-76.0,102.0,86.0,191.0,90.0,sp,ids,3
6365,Maddy2,a,537,1245,2780,756.75,27.0,-42.0,-95.0,50.0,111.0,91.0,sp,ids,2
6366,Maddy2,a,970,1288,1981,418.693,-405.0,57.0,169.0,-506.0,-1644.0,-2093.0,sp,ids,2
6371,Maddy2,a,814,1505,2383,180.0,-71.0,-97.0,8.0,148.0,64.0,5.0,sp,ids,2
6373,Maddy2,i,435,2720,3234,110.0,6.0,-358.0,-194.0,16.0,1092.0,305.0,sp,ids,3
6375,Maddy2,i,562,1533,2924,180.0,-77.0,1191.0,242.0,30.0,-84.0,-38.0,sp,ids,2
6381,Maddy2,a,886,1513,2445,180.0,-86.0,-76.0,-35.0,156.0,-4.0,-145.0,sp,ids,2
6383,Maddy2,i,406,2851,2916,140.0,-8.0,-348.0,-156.0,-33.0,-60.0,-267.0,sp,ids,3
6385,Maddy2,i,443,2843,3174,160.0,-59.0,-521.0,-332.0,22.0,1374.0,165.0,sp,ids,3
6389,Maddy2,a,719,1553,2451,130.0,-103.0,-352.0,-366.0,24.0,-99.0,10.0,sp,ids,2
6390,Maddy2,a,761,1565,2127,120.0,2.0,67.0,192.0,117.0,113.0,-433.0,sp,ids,2
6391,Maddy2,a,702,1489,2484,110.0,11.0,-28.0,30.0,140.0,88.0,152.0,sp,ids,2
6395,Maddy2,a,808,1707,2615,220.0,7.0,48.0,-724.0,219.0,256.0,180.0,sp,ids,2
6396,Maddy2,a,723,1116,2052,210.0,-51.0,317.0,385.0,9.0,-565.0,-1092.0,sp,ids,2
6397,Maddy2,i,495,1208,2911,315.98,-113.0,1199.0,63.0,-87.0,308.0,-6.0,sp,ids,1
6399,Maddy2,a,683,851,1688,100.0,72.0,813.0,873.0,40.0,-873.0,-1100.0,sp,ids,0
6401,Maddy2,a,660,1748,2555,70.0,16.0,224.0,83.0,132.0,-450.0,-579.0,sp,ids,2
6403,Maddy2,a,661,1489,2184,50.0,-18.0,-68.0,-80.0,35.0,-54.0,-212.0,sp,ids,2
6404,Maddy2,a,647,1864,2484,90.0,35.0,-108.0,-46.0,158.0,-32.0,51.0,sp,ids,2
6407,Maddy2,a,759,1779,2581,140.0,14.0,121.0,85.0,63.0,23.0,-83.0,sp,ids,2
6408,Maddy2,i,565,855,2787,80.0,55.0,1877.0,568.0,106.0,-444.0,64.0,sp,ids,0
6412,Maddy2,i,487,2750,3206,60.0,-73.0,-652.0,-246.0,39.0,1312.0,415.0,sp,ids,3
6420,Maddy2,a,883,1488,2469,220.0,-45.0,-178.0,17.0,209.0,162.0,-267.0,sp,ids,2
6422,Maddy2,i,447,2856,3329,150.0,-4.0,3.0,-189.0,19.0,1703.0,549.0,sp,ids,3
6430,Maddy2,a,853,1382,2517,160.0,38.0,-12.0,84.0,185.0,-293.0,-237.0,sp,ids,2
6432,Maddy2,i,478,2450,2809,80.0,-11.0,-1637.0,-307.0,-213.0,-352.0,-127.0,sp,ids,3
6434,Maddy2,i,553,635,2820,120.0,-62.0,1813.0,43.0,-67.0,-400.0,9.0,sp,ids,0
6441,Maddy2,a,695,1657,2589,100.0,47.0,-95.0,-226.0,61.0,-66.0,-124.0,sp,ids,2
6442,Maddy2,a,774,1582,2366,110.0,32.0,38.0,262.0,43.0,21.0,-337.0,sp,ids,2
6443,Maddy2,a,908,1556,2254,260.0,-40.0,41.0,446.0,184.0,-136.0,480.0,sp,ids,2
6445,Maddy2,a,631,1528,2430,72.393,117.0,59.0,7.0,28.0,89.0,27.0,sp,ids,2
6447,Maddy2,a,1077,1701,2913,319.609,-84.0,-46.0,36.0,63.0,224.0,28.0,sp,ids,2
6451,Maddy2,a,791,1637,2254,130.0,44.0,-18.0,198.0,-27.0,-219.0,-768.0,sp,ids,2
6452,Maddy2,a,892,1741,2452,180.0,-50.0,105.0,-538.0,-70.0,99.0,-629.0,sp,ids,2
6454,Maddy2,i,534,2267,2946,30.0,-11.0,177.0,41.0,0.6,210.0,24.0,sp,ids,3
6455,Maddy2,a,747,1717,2805,90.0,-63.0,111.0,43.0,167.0,158.0,-59.0,sp,ids,2
6459,Maddy2,i,618,2852,3266,480.0,-34.0,-26.0,-220.0,169.0,154.0,264.0,sp,ids,3
6462,Maddy2,i,422,615,2847,60.0,67.0,29.0,188.0,44.0,-12.0,401.0,sp,ids,0
6466,Maddy2,a,788,1797,2667,180.0,-40.0,32.0,81.0,273.0,413.0,480.0,sp,ids,2
6470,Maddy2,i,396,2556,3084,150.0,31.0,-340.0,-194.0,-31.0,255.0,-175.0,sp,ids,3
6473,Maddy2,a,888,1828,2794,157.653,-131.0,-96.0,-542.0,-255.0,48.0,-634.0,sp,ids,2
6479,Maddy2,a,870,1796,2460,127.159,-271.0,5.0,23.0,-4.0,132.0,-283.0,sp,ids,2
6480,Maddy2,a,759,1924,2610,30.0,416.0,58.0,769.0,-310.0,-69.0,-519.0,sp,ids,2
6485,Maddy2,a,791,1603,2558,100.0,-24.0,80.0,-25.0,144.0,104.0,-31.0,sp,ids,2
6490,Maddy2,i,721,771,3012,220.0,-200.0,30.0,-154.0,88.0,120.0,378.0,sp,ids,0
6493,Maddy2,a,734,1272,2587,640.0,267.0,564.0,-78.0,70.0,128.0,111.0,sp,ids,2
6496,Maddy2,i,678,2236,3371,250.0,-90.0,-1628.0,-331.0,50.0,1344.0,461.0,sp,ids,3
6498,Maddy2,i,472,907,2315,30.0,1.0,-48.0,33.0,0.6,-231.0,74.0,sp,ids,0
6499,Maddy2,a,744,1823,2963,90.0,-36.0,58.0,223.0,60.0,80.0,20.0,sp,ids,2
6503,Maddy2,i,548,2459,2837,60.0,-58.0,-95.0,73.0,107.0,-75.0,-226.0,sp,ids,3
6506,Maddy2,a,579,1708,2608,40.0,173.0,-11.0,19.0,177.0,-105.0,-35.0,sp,ids,2
6508,Maddy2,a,717,1290,2031,70.0,-38.0,291.0,398.0,207.0,159.0,136.0,sp,ids,2
6509,Maddy2,a,861,1754,2600,130.0,12.0,-215.0,-111.0,304.0,-194.0,-145.0,sp,ids,2
6510,Maddy2,i,528,1205,2670,40.0,-9.0,1395.0,510.0,47.0,-341.0,311.0,sp,ids,0
6511,Maddy2,a,801,1783,3067,110.0,-15.0,66.0,128.0,82.0,68.0,1.0,sp,ids,2
6512,Maddy2,a,844,2547,3494,30.0,-70.0,-1559.0,-978.0,17.0,486.0,343.0,sp,ids,1
6517,Maddy2,a,827,1648,2632,210.0,-75.0,166.0,-117.0,141.0,142.0,-326.0,sp,ids,2
6521,Maddy2,a,771,1567,2051,150.0,-21.0,-301.0,432.0,248.0,-69.0,-161.0,sp,ids,2
6522,Maddy2,a,783,1587,2519,100.0,45.0,37.0,306.0,137.0,170.0,-82.0,sp,ids,2
6523,Maddy2,a,799,1443,2704,130.0,-101.0,-57.0,-196.0,68.0,-32.0,-233.0,sp,ids,2
6525,Maddy2,i,565,2477,3126,50.0,-13.0,-453.0,-205.0,36.0,445.0,245.0,sp,ids,3
6526,Maddy2,a,696,1858,2798,70.0,-21.0,101.0,221.0,-35.0,109.0,161.0,sp,ids,2
6527,Maddy2,a,655,2140,2853,70.0,136.0,-183.0,-83.0,136.0,1059.0,365.0,sp,ids,2
6528,Maddy2,i,455,662,2488,40.0,17.0,1907.0,727.0,-27.0,-335.0,127.0,sp,ids,0
6530,Maddy2,a,697,1336,2763,50.0,15.0,27.0,-8.0,13.0,46.0,-32.0,sp,ids,2
6532,Maddy2,a,810,1424,2437,80.0,-27.0,-79.0,-446.0,285.0,108.0,34.0,sp,ids,2
6534,Maddy2,a,820,1340,1826,90.0,5.0,216.0,837.0,141.0,15.0,-42.0,sp,ids,2
6537,Maddy2,a,888,1688,2603,160.0,-97.0,98.0,-77.0,70.0,286.0,-118.0,sp,ids,2
6539,Maddy2,a,672,1380,3012,110.0,42.0,-213.0,-255.0,114.0,-553.0,-41.0,sp,ids,2
6540,Maddy2,i,401,2246,3387,30.0,194.0,651.0,172.0,-1910.0,-1112.0,-825.0,sp,ids,3
6542,Maddy2,a,725,1302,2538,80.0,7.0,191.0,42.0,22.0,28.0,-165.0,sp,ids,2
6544,Maddy2,a,766,1756,2253,160.0,-84.0,-151.0,100.0,8.0,-14.0,-487.0,sp,ids,2
6546,Maddy2,a,714,1715,2486,130.0,-43.0,70.0,-631.0,236.0,604.0,367.0,sp,ids,2
6550,Maddy2,a,843,1652,2614,180.0,-84.0,158.0,105.0,107.0,103.0,-148.0,sp,ids,2
6555,Maddy2,i,402,768,2843,460.0,150.0,2012.0,738.0,-187.0,-2124.0,-649.0,sp,ids,0
6556,Maddy2,a,727,1471,2532,80.0,11.0,44.0,142.0,61.0,107.0,148.0,sp,ids,2
6561,Maddy2,a,765,1456,2756,80.0,-61.0,-38.0,-65.0,129.0,189.0,-58.0,sp,ids,2
6565,Maddy2,i,588,2697,3410,70.0,2.0,-21.0,-247.0,13.0,164.0,414.0,sp,ids,3
6566,Maddy2,a,726,2003,2785,50.0,-135.0,95.0,226.0,-81.0,-15.0,30.0,sp,ids,2
6570,Maddy2,a,759,1773,2799,60.0,-28.0,94.0,9.0,87.0,85.0,-69.0,sp,ids,2
6574,Maddy2,a,583,1870,2728,110.0,76.0,-127.0,24.0,8.0,-112.0,-14.0,sp,ids,2
6577,Maddy2,i,352,2269,2957,50.0,50.0,-796.0,-163.0,-45.0,-296.0,53.0,sp,ids,3
6578,Maddy2,a,602,2045,2157,60.0,-25.0,-81.0,851.0,-548.0,-49.0,-746.0,sp,ids,3
6579,Maddy2,i,592,2602,3071,80.0,-158.0,-2073.0,-446.0,0.7,-38.0,-57.0,sp,ids,3
6580,Maddy2,a,870,1713,2975,40.0,92.0,15.0,-733.0,159.0,142.0,280.0,sp,ids,2
6586,Maddy2,a,742,1512,2222,80.0,-93.0,90.0,385.0,216.0,-32.0,-924.0,sp,ids,2
6587,Maddy2,a,853,1745,2495,140.0,-29.0,-264.0,-149.0,245.0,-118.0,-385.0,sp,ids,2
6588,Maddy2,i,553,2821,3005,40.0,-0.2,-14.0,313.0,-31.0,177.0,-315.0,sp,ids,3
6589,Maddy2,a,809,1550,1905,240.0,-24.0,216.0,429.0,98.0,329.0,-173.0,sp,ids,1
6591,Maddy2,a,967,1352,2907,570.0,52.0,149.0,130.0,-57.0,-14.0,29.0,sp,ids,2
6592,Maddy2,a,962,1489,2722,730.0,36.0,141.0,8.0,73.0,-80.0,-159.0,sp,ids,2
6594,Maddy2,a,585,1632,2982,60.0,33.0,135.0,155.0,53.0,-201.0,117.0,sp,ids,2
6597,Maddy2,a,813,1711,2164,220.0,-89.0,157.0,405.0,-21.0,-2.0,-1.0,sp,ids,2
6598,Maddy2,i,462,556,2751,220.0,-149.0,957.0,144.0,-61.0,-2091.0,-423.0,sp,ids,0
6599,Maddy2,a,916,1797,2551,190.0,-202.0,35.0,330.0,44.0,79.0,-212.0,sp,ids,2
6603,Maddy2,a,655,1567,2308,140.0,49.0,570.0,-104.0,37.0,-1023.0,-586.0,sp,ids,2
6609,Maddy2,a,858,1725,2713,130.0,-114.0,-140.0,-284.0,121.0,-104.0,-290.0,sp,ids,2
6610,Maddy2,a,830,1769,2756,290.0,-354.0,-86.0,-47.0,-3.0,21.0,-156.0,sp,ids,2
6612,Maddy2,a,707,1959,2852,30.0,-77.0,56.0,63.0,-18.0,18.0,57.0,sp,ids,2
6613,Maddy2,a,538,1907,2897,40.0,112.0,24.0,-122.0,-101.0,27.0,970.0,sp,ids,1
6614,Maddy2,a,829,1570,2736,70.0,-30.0,123.0,-73.0,67.0,328.0,225.0,sp,ids,2
6615,Maddy2,a,919,1417,2360,150.0,-60.0,-59.0,157.0,403.0,277.0,221.0,sp,ids,2
6617,Maddy2,i,403,1063,2958,140.0,7.0,219.0,-61.0,-15.0,-26.0,16.0,sp,ids,0
6618,Maddy2,a,519,1492,2490,60.0,-24.0,15.0,136.0,-277.0,-150.0,60.0,sp,ids,0
6619,Maddy2,a,711,1924,2897,120.0,-188.0,146.0,192.0,59.0,-6.0,9.0,sp,ids,2
6620,Maddy2,a,797,1558,2705,90.0,-56.0,334.0,189.0,79.0,389.0,18.0,sp,ids,2
6621,Maddy2,a,978,1401,2188,130.0,-28.0,-58.0,706.0,198.0,317.0,51.0,sp,ids,2
6627,Maddy2,a,527,1802,3143,450.0,248.0,-747.0,-972.0,-281.0,133.0,985.0,sp,ids,3
6629,Maddy2,a,995,1267,2657,30.0,-74.0,169.0,83.0,-52.0,-163.0,-69.0,sp,ids,2
6641,Maddy2,i,478,2743,3135,120.0,-0.7,109.0,24.0,40.0,198.0,80.0,sp,ids,3
6642,Maddy2,a,693,1735,2661,170.0,15.0,60.0,100.0,269.0,172.0,83.0,sp,ids,2
6646,Maddy2,a,630,1358,1911,60.0,-18.0,305.0,-59.0,225.0,-25.0,-770.0,sp,ids,2
6647,Maddy2,a,732,1764,2401,130.0,47.0,-103.0,68.0,164.0,-250.0,-184.0,sp,ids,2
6648,Maddy2,i,215,636,2707,50.0,376.0,100.0,118.0,-396.0,-745.0,687.0,sp,ids,0
6649,Maddy2,a,785,1838,2921,110.0,-24.0,60.0,177.0,75.0,178.0,-250.0,sp,ids,2
6652,Maddy2,a,795,1526,2856,90.0,61.0,75.0,-39.0,202.0,145.0,87.0,sp,ids,2
6655,Maddy2,a,735,1695,2696,110.0,13.0,-247.0,3.0,67.0,-216.0,-106.0,sp,ids,2
6665,Maddy2,a,352,1841,2972,160.058,1172.0,97.0,319.0,-45.0,-200.0,-731.0,sp,ids,1
6667,Maddy2,a,792,1469,2018,180.0,20.0,-80.0,-10.0,-79.0,-103.0,72.0,sp,ids,2
6671,Maddy2,i,451,2703,3228,110.0,7.0,-91.0,64.0,-2.0,50.0,143.0,sp,ids,3
6672,Maddy2,a,605,1988,2988,80.0,-108.0,144.0,231.0,-339.0,-49.0,167.0,sp,ids,1
6674,Maddy2,a,860,1522,2991,270.0,-7.0,78.0,-232.0,111.0,545.0,786.0,sp,ids,2
6677,Maddy2,i,462,2625,3060,90.0,7.0,-71.0,-87.0,24.0,529.0,736.0,sp,ids,3
6680,Maddy2,a,710,1510,2653,70.0,44.0,126.0,115.0,183.0,286.0,-13.0,sp,ids,2
6681,Maddy2,a,826,1563,2448,120.0,-19.0,-83.0,-10.0,110.0,-98.0,-249.0,sp,ids,2
6682,Maddy2,a,765,1627,2570,40.0,-76.0,-83.0,196.0,-5.0,-100.0,-290.0,sp,ids,2
6690,Maddy2,i,344,535,2780,240.0,127.0,1393.0,46.0,-171.0,-1980.0,-217.0,sp,ids,0
6692,Maddy2,i,619,2602,3078,160.0,-22.0,198.0,196.0,22.0,-110.0,-186.0,sp,ids,3
6693,Maddy2,a,705,1741,2722,90.0,-105.0,116.0,59.0,-180.0,-28.0,-92.0,sp,ids,2
6695,Maddy2,a,513,1663,2925,30.0,4.0,-46.0,-37.0,-50.0,38.0,-33.0,sp,ids,2
6698,Maddy2,a,796,1211,1906,110.0,8.0,19.0,1496.0,188.0,51.0,-296.0,sp,ids,2
6699,Maddy2,a,895,1546,3041,270.0,3.0,-46.0,-155.0,33.0,-121.0,-83.0,sp,ids,2
6702,Maddy2,a,707,1515,2821,100.0,-12.0,54.0,20.0,64.0,168.0,31.0,sp,ids,2
6703,Maddy2,a,730,1160,2363,90.0,-8.0,68.0,-232.0,92.0,54.0,-58.0,sp,ids,2
6706,Maddy2,a,769,1340,2620,140.0,4.0,305.0,419.0,216.0,191.0,306.0,sp,ids,2
6707,Maddy2,a,836,1549,2663,160.0,-48.0,-65.0,-44.0,86.0,-134.0,-16.0,sp,ids,2
6712,Maddy2,i,455,2091,3100,250.0,18.0,260.0,44.0,-41.0,-864.0,115.0,sp,ids,3
6718,Maddy2,i,492,2596,2964,60.0,2.0,111.0,-53.0,6.0,406.0,105.0,sp,ids,3
6719,Maddy2,a,732,1898,2775,80.0,-114.0,61.0,114.0,2.0,109.0,141.0,sp,ids,2
6721,Maddy2,a,496,2225,2594,40.0,16.0,-162.0,102.0,-17.0,-301.0,-773.0,sp,ids,3
6722,Maddy2,a,729,1956,2882,70.0,-36.0,30.0,1.0,27.0,1.0,90.0,sp,ids,2
6723,Maddy2,a,848,1961,2714,40.0,-254.0,33.0,217.0,-274.0,-20.0,-592.0,sp,ids,2
6724,Maddy2,a,752,1289,2550,80.0,-67.0,506.0,130.0,17.0,54.0,62.0,sp,ids,2
6725,Maddy2,a,567,1291,2769,60.0,117.0,-82.0,-141.0,175.0,193.0,227.0,sp,ids,0
6730,Maddy2,i,574,2614,2973,70.0,-54.0,35.0,439.0,-20.0,250.0,116.0,sp,ids,3
6731,Maddy2,a,750,2065,2861,80.0,-70.0,-859.0,-605.0,19.0,-22.0,-155.0,sp,ids,2
6742,Maddy2,i,563,2855,3241,110.0,43.0,-280.0,-204.0,86.0,848.0,510.0,sp,ids,3
6745,Maddy2,a,752,1130,2127,110.0,-144.0,-139.0,111.0,58.0,17.0,18.0,sp,ids,2
6746,Maddy2,a,821,1515,2184,200.0,2.0,-138.0,-228.0,21.0,-140.0,293.0,sp,ids,2
6749,Maddy2,a,749,1364,2732,100.0,-29.0,-56.0,53.0,124.0,81.0,35.0,sp,ids,2
6750,Maddy2,a,681,1329,2689,90.0,26.0,4.0,-35.0,44.0,2.0,110.0,sp,ids,2
6754,Maddy2,i,545,2587,3025,60.0,-59.0,-18.0,-182.0,56.0,189.0,154.0,sp,ids,3
6757,Maddy2,a,638,1150,1933,100.0,59.0,592.0,788.0,-191.0,-884.0,-1455.0,sp,ids,1
6759,Maddy2,a,562,2237,3346,100.0,53.0,-1189.0,-1094.0,75.0,9.0,-466.0,sp,ids,3
6760,Maddy2,a,611,1924,2354,70.0,-0.8,59.0,-262.0,121.0,41.0,-846.0,sp,ids,2
6764,Maddy2,i,492,2030,2870,40.0,16.0,63.0,-522.0,17.0,32.0,39.0,sp,ids,3
6765,Maddy2,a,690,1890,2971,70.0,-39.0,83.0,42.0,24.0,141.0,84.0,sp,ids,2
6767,Maddy2,a,681,1176,2592,80.0,-91.0,-62.0,62.0,53.0,74.0,313.0,sp,ids,2
6768,Maddy2,a,801,1329,2020,130.0,-27.0,-74.0,9.0,141.0,346.0,43.0,sp,ids,2
6770,Maddy2,a,782,1381,2777,120.0,20.0,136.0,22.0,208.0,100.0,-21.0,sp,ids,2
6772,Maddy2,i,1085,2237,3434,30.0,-168.0,69.0,-665.0,-166.0,-101.0,39.0,sp,ids,1
6774,Maddy2,a,562,1310,2996,80.0,-8.0,75.0,43.0,42.0,191.0,124.0,sp,ids,0
6775,Maddy2,i,715,1744,2541,30.0,351.0,639.0,1035.0,321.0,-197.0,134.0,sp,ids,2
6776,Maddy2,a,725,1692,2736,60.0,15.0,-269.0,-75.0,197.0,25.0,72.0,sp,ids,2
6777,Maddy2,i,510,2621,3300,110.0,36.0,86.0,-423.0,112.0,16.0,29.0,sp,ids,3
6778,Maddy2,i,450,1223,2546,50.0,59.0,248.0,-92.0,-0.4,-941.0,-523.0,sp,ids,0
6779,Maddy2,a,653,1339,2169,100.0,14.0,-76.0,146.0,193.0,831.0,-18.0,sp,ids,2
6781,Maddy2,i,429,1390,2891,50.0,41.0,-886.0,35.0,-66.0,-687.0,-64.0,sp,ids,0
6782,Maddy2,i,383,869,2761,80.0,10.0,105.0,121.0,-24.0,73.0,46.0,sp,ids,0
6791,Maddy2,i,533,2714,3344,70.0,24.0,74.0,-431.0,77.0,50.0,202.0,sp,ids,3
6794,Maddy2,i,431,2840,3337,120.0,93.0,6.0,-46.0,-6.0,95.0,448.0,sp,ids,3
6800,Maddy2,a,738,1322,2523,80.0,-20.0,-47.0,187.0,59.0,92.0,-11.0,sp,ids,2
6801,Maddy2,a,907,1473,2408,220.0,-37.0,-33.0,-54.0,430.0,-372.0,-888.0,sp,ids,2
6806,Maddy2,a,718,1280,2641,90.0,-64.0,-26.0,68.0,18.0,113.0,-24.0,sp,ids,2
6807,Maddy2,a,852,1379,2827,230.0,5.0,37.0,-171.0,252.0,99.0,475.0,sp,ids,2
6811,Maddy2,a,510,2000,2837,30.0,212.0,54.0,-159.0,56.0,-102.0,-208.0,sp,ids,3
6813,Maddy2,i,398,1878,2829,30.0,-25.0,-102.0,-191.0,29.0,104.0,-19.0,sp,ids,1
6816,Maddy2,i,430,819,2367,30.0,36.0,1392.0,-5.0,21.0,-26.0,6.0,sp,ids,0
6817,Maddy2,i,444,2465,3492,50.0,35.0,193.0,-473.0,111.0,183.0,-369.0,sp,ids,3
6819,Maddy2,i,607,2287,3003,30.0,47.0,-21.0,-27.0,-501.0,-643.0,-396.0,sp,ids,1
6820,Maddy2,i,479,2795,2993,50.0,48.0,4.0,-68.0,74.0,2201.0,208.0,sp,ids,3
6824,Maddy3,a,693,1738,2678,90.0,-69.0,81.0,-5.0,75.0,305.0,139.0,sp,ids,2
6825,Maddy3,a,665,1867,2750,100.0,48.0,-154.0,-62.0,67.0,-222.0,68.0,sp,ids,2
6826,Maddy3,a,688,1570,2481,150.0,-21.0,350.0,331.0,47.0,354.0,-233.0,sp,ids,2
6827,Maddy3,a,533,1207,2646,30.0,22.0,-13.0,-82.0,26.0,-12.0,-182.0,sp,ids,0
6828,Maddy3,a,834,1529,2426,280.0,-20.0,-86.0,82.0,123.0,-199.0,-41.0,sp,ids,2
6830,Maddy3,i,313,1322,2967,90.0,219.0,-505.0,-136.0,-232.0,-1142.0,82.0,sp,ids,0
6831,Maddy3,a,726,1865,2802,80.0,-127.0,95.0,97.0,-259.0,7.0,104.0,sp,ids,2
6833,Maddy3,i,342,1308,2617,30.0,42.0,-116.0,242.0,46.0,-122.0,-92.0,sp,ids,0
6834,Maddy3,a,535,1025,2668,110.0,-21.0,94.0,87.0,10.0,-67.0,-271.0,sp,ids,0
6843,Maddy3,a,599,1127,2794,30.0,-48.0,7.0,32.0,-49.0,-53.0,-85.0,sp,ids,2
6844,Maddy3,i,689,1291,2726,30.0,9.0,76.0,-60.0,-83.0,73.0,67.0,sp,ids,2
6845,Maddy3,a,813,1424,2652,70.0,-14.0,-0.5,118.0,9.0,131.0,-82.0,sp,ids,2
6846,Maddy3,i,444,2518,2962,30.0,20.0,-110.0,40.0,31.0,170.0,108.0,sp,ids,3
6853,Maddy3,a,628,1446,2562,220.0,2.0,-112.0,-62.0,10.0,102.0,118.0,sp,ids,2
6854,Maddy3,i,605,1238,3001,30.0,0.9,2.0,-14.0,2.0,11.0,34.0,sp,ids,0
6856,Maddy3,a,436,1530,2767,40.0,2.0,30.0,41.0,0.3,-60.0,-33.0,sp,ids,0
6858,Maddy3,a,497,1029,2666,30.0,-15.0,-35.0,-152.0,2.0,25.0,-29.0,sp,ids,0
6860,Maddy3,a,712,1301,2674,30.0,45.0,66.0,23.0,51.0,49.0,50.0,sp,ids,2
6861,Maddy3,a,619,1225,2583,30.0,-4.0,-27.0,28.0,-0.5,-21.0,17.0,sp,ids,2
6865,Maddy3,a,1307,2239,3581,30.0,-24.0,29.0,134.0,369.0,257.0,192.0,sp,ids,1
6875,Maddy3,a,337,2107,2529,50.0,45.0,-81.0,117.0,-156.0,-161.0,-312.0,sp,ids,3
6877,Maddy3,i,397,2182,2462,110.0,97.0,-245.0,448.0,-124.0,116.0,-140.0,sp,ids,3
6883,Maddy3,a,900,1624,2948,120.0,-22.0,-197.0,-8.0,183.0,-152.0,-231.0,sp,ids,2
6885,Maddy3,i,442,2842,3055,130.0,-17.0,-1412.0,-249.0,16.0,434.0,-24.0,sp,ids,3
6889,Maddy3,i,295,1635,2703,46.521,-35.0,632.0,213.0,-39.0,-891.0,-376.0,sp,ids,1
6890,Maddy3,a,709,1827,2751,127.159,-11.0,60.0,51.0,144.0,86.0,-597.0,sp,ids,2
6897,Maddy3,a,724,1317,2219,60.0,61.0,115.0,114.0,86.0,133.0,-6.0,sp,ids,2
6900,Maddy3,a,854,1646,2919,140.0,-11.0,-243.0,-202.0,30.0,-169.0,350.0,sp,ids,2
6903,Maddy3,a,848,1690,2511,140.0,-37.0,-304.0,136.0,180.0,-228.0,-266.0,sp,ids,2
6906,Maddy3,a,740,1320,2015,60.0,-73.0,545.0,805.0,49.0,335.0,-272.0,sp,ids,2
6910,Maddy3,a,836,1581,2306,100.0,-74.0,-197.0,-56.0,86.0,-161.0,-42.0,sp,ids,2
6912,Maddy3,i,425,1964,3042,50.0,1510.0,1058.0,1574.0,-35.0,-42.0,10.0,sp,ids,3
6913,Maddy3,a,795,1949,3360,30.0,134.0,42.0,24.0,-0.3,18.0,36.0,sp,ids,2
6915,Maddy3,a,931,1659,2926,180.0,-533.0,-496.0,-480.0,65.0,-234.0,-312.0,sp,ids,2
6917,Maddy3,a,479,1804,2825,40.0,108.0,-108.0,-12.0,49.0,-77.0,-205.0,sp,ids,3
6919,Maddy3,a,897,2155,3359,90.0,-385.0,-1131.0,-1105.0,382.0,1408.0,856.0,sp,ids,2
6921,Maddy3,a,654,1521,2895,60.0,52.0,-15.0,-53.0,118.0,101.0,8.0,sp,ids,2
6923,Maddy3,i,501,1974,3791,456.218,116.0,-190.0,-230.0,-1261.0,-1417.0,-285.0,sp,ids,3
6924,Maddy3,a,415,1761,2517,30.0,-5.0,-80.0,-224.0,20.0,-117.0,48.0,sp,ids,1
6929,Maddy3,i,789,2837,3531,130.26,-107.0,57.0,18.0,88.0,11.0,171.0,sp,ids,3
6930,Maddy3,a,1194,1805,2402,238.81,-82.0,123.0,370.0,408.0,-39.0,74.0,sp,ids,1
6931,Maddy3,i,372,1302,2775,110.0,11.0,-35.0,33.0,9.0,-251.0,21.0,sp,ids,0
6932,Maddy3,a,441,1938,2854,50.0,-17.0,-104.0,23.0,-656.0,-36.0,-69.0,sp,ids,3
6933,Maddy3,a,1229,1979,3530,70.0,-145.0,-511.0,-93.0,-24.0,-510.0,142.0,sp,ids,2
6934,Maddy3,i,484,2339,3119,282.23,-8.0,-1235.0,-339.0,-2.0,1303.0,605.0,sp,ids,3
6935,Maddy3,a,551,854,1923,180.0,251.0,884.0,1292.0,-45.0,-1342.0,-1583.0,sp,ids,0
6936,Maddy3,a,1124,1643,3050,30.0,37.0,52.0,118.0,-46.0,-170.0,-25.0,sp,ids,2
6937,Maddy3,a,1014,1895,3080,390.0,-192.0,67.0,-15.0,327.0,897.0,1212.0,sp,ids,2
6938,Maddy3,i,372,3035,3283,202.866,22.0,-2404.0,-308.0,-85.0,-16.0,217.0,sp,ids,3
6939,Maddy3,a,773,1024,1943,600.0,-510.0,-229.0,56.0,-34.0,-857.0,-980.0,sp,ids,2
6940,Maddy3,i,398,2711,3184,254.056,59.0,96.0,-232.0,47.0,100.0,96.0,sp,ids,3
6941,Maddy3,a,951,1584,1826,430.0,-67.0,171.0,1198.0,-17.0,-221.0,-1324.0,sp,ids,2
6942,Maddy3,i,554,2577,3210,465.962,-19.0,130.0,-17.0,-34.0,382.0,181.0,sp,ids,3
6946,Maddy3,a,934,1614,2017,290.0,-102.0,-234.0,384.0,185.0,175.0,359.0,sp,ids,2
6947,Maddy3,a,827,1781,2908,200.0,-48.0,61.0,-577.0,35.0,-19.0,81.0,sp,ids,2
6948,Maddy3,i,548,2403,2829,50.0,-19.0,-156.0,-145.0,-16.0,126.0,-48.0,sp,ids,3
6949,Maddy3,a,820,1834,2951,120.0,56.0,-135.0,-78.0,146.0,-255.0,15.0,sp,ids,2
6950,Maddy3,i,451,939,2599,80.0,-6.0,13.0,23.0,5.0,-6.0,23.0,sp,ids,0
6952,Maddy3,a,898,1682,2854,470.0,-4.0,201.0,-38.0,223.0,-118.0,-121.0,sp,ids,2
6953,Maddy3,a,960,1642,2980,490.0,-36.0,257.0,119.0,-8.0,-89.0,218.0,sp,ids,2
6954,Maddy3,i,514,810,2659,519.609,-25.0,2116.0,488.0,-44.0,-1786.0,-306.0,sp,ids,0
6955,Maddy3,a,995,1699,2671,470.0,-53.0,252.0,549.0,-8.0,-16.0,-134.0,sp,ids,2
6956,Maddy3,i,537,2691,2982,385.011,-115.0,-1695.0,-61.0,-36.0,448.0,470.0,sp,ids,3
6957,Maddy3,a,562,1332,1631,800.0,75.0,-122.0,177.0,92.0,-220.0,-1435.0,sp,ids,0
6958,Maddy3,i,498,2430,2776,30.0,15.0,30.0,57.0,-2.0,123.0,-20.0,sp,ids,3
6960,Maddy3,a,821,1717,2780,320.0,-10.0,-44.0,-130.0,246.0,17.0,-66.0,sp,ids,2
6961,Maddy3,i,474,2783,3233,150.0,27.0,-115.0,-310.0,33.0,218.0,245.0,sp,ids,3
6962,Maddy3,a,644,1896,2760,74.68,-48.0,15.0,-28.0,-16.0,67.0,61.0,sp,ids,2
6965,Maddy3,a,559,1156,2538,356.665,34.0,-140.0,201.0,112.0,-109.0,-79.0,sp,ids,0
6970,Maddy3,a,962,1853,2312,200.0,-223.0,-122.0,-339.0,68.0,190.0,-541.0,sp,ids,2
6973,Maddy3,a,662,1265,2744,100.0,-57.0,-118.0,-10.0,-25.0,-316.0,38.0,sp,ids,2
6974,Maddy3,a,715,1898,2884,70.0,2.0,-256.0,-62.0,47.0,44.0,30.0,sp,ids,2
6977,Maddy3,a,581,1775,2538,30.0,-53.0,-5.0,184.0,-87.0,-52.0,-44.0,sp,ids,2
6978,Maddy3,i,717,1768,2858,30.0,5.0,-42.0,-65.0,16.0,261.0,601.0,sp,ids,2
6982,Maddy3,a,824,1667,2542,90.0,-41.0,-16.0,87.0,54.0,-121.0,-1.0,sp,ids,2
6985,Maddy3,a,751,1866,2363,120.0,-88.0,-284.0,266.0,127.0,134.0,-148.0,sp,ids,2
6987,Maddy3,a,572,1834,2102,60.0,61.0,-25.0,285.0,82.0,97.0,-242.0,sp,ids,2
6989,Maddy3,a,653,1532,2626,30.0,-28.0,-23.0,-11.0,-42.0,25.0,64.0,sp,ids,2
6991,Maddy3,a,835,934,1900,400.0,22.0,927.0,1091.0,-94.0,-935.0,-648.0,sp,ids,2
6992,Maddy3,i,479,2493,3518,690.901,-100.0,-1950.0,-713.0,-155.0,886.0,563.0,sp,ids,3
6994,Maddy3,a,846,1950,3013,623.388,-247.0,-306.0,-187.0,-40.0,-57.0,-24.0,sp,ids,2
6995,Maddy3,a,629,1939,3174,176.782,697.0,526.0,379.0,-100.0,431.0,883.0,sp,ids,3
7005,Maddy3,a,808,1521,2794,80.0,-27.0,65.0,88.0,138.0,230.0,45.0,sp,ids,2
7006,Maddy3,a,914,1616,2834,180.0,-83.0,-113.0,-38.0,102.0,-27.0,31.0,sp,ids,2
7010,Maddy3,a,853,1451,2747,130.0,41.0,-24.0,-1009.0,291.0,232.0,65.0,sp,ids,2
7012,Maddy3,a,763,1805,2891,40.0,-9.0,-0.7,-21.0,-23.0,-2.0,-200.0,sp,ids,2
7016,Maddy3,a,799,1695,2901,120.0,-16.0,-173.0,-16.0,139.0,-164.0,-110.0,sp,ids,2
7024,Maddy3,i,625,2603,3088,110.0,-23.0,-103.0,43.0,293.0,861.0,315.0,sp,ids,3
7025,Maddy3,i,1132,2198,3634,245.784,-516.0,566.0,-231.0,-182.0,112.0,186.0,sp,ids,1
7032,Maddy3,a,682,2254,2809,40.0,43.0,-422.0,218.0,122.0,223.0,446.0,sp,ids,3
7033,Maddy3,a,723,1251,2750,80.0,17.0,-250.0,-233.0,109.0,-162.0,24.0,sp,ids,2
7035,Maddy3,a,549,1148,2921,30.0,21.0,-68.0,161.0,48.0,-213.0,91.0,sp,ids,2
7040,Trevor2,i,301,2649,3213,130.0,-53.0,-124.0,-393.0,-75.0,0.0,244.0,sp,ids,3
7041,Trevor2,a,1049,2202,2826,110.0,-277.0,37.0,60.0,136.0,285.0,-125.0,sp,ids,2
7044,Trevor2,a,860,1929,2284,100.0,-61.0,55.0,208.0,306.0,99.0,-173.0,sp,ids,2
7046,Trevor2,a,1054,1075,2550,220.0,-187.0,-31.0,-595.0,209.0,-286.0,430.0,sp,ids,2
7047,Trevor2,i,515,1260,2986,220.202,-124.0,408.0,-89.0,-41.0,-467.0,43.0,sp,ids,0
7048,Trevor2,i,518,1089,2840,140.0,-112.0,-16.0,-198.0,-36.0,-165.0,53.0,sp,ids,1
7051,Trevor2,a,994,1910,2904,110.0,-140.0,121.0,-43.0,671.0,404.0,548.0,sp,ids,2
7052,Trevor2,i,566,2956,3155,70.0,-42.0,-133.0,-204.0,17.0,111.0,68.0,sp,ids,3
7053,Trevor2,a,871,1322,2216,180.0,-1.0,828.0,815.0,-73.0,-731.0,-727.0,sp,ids,2
7068,Trevor2,a,686,1203,2023,70.0,-6.0,624.0,876.0,-27.0,-883.0,-855.0,sp,ids,2
7076,Trevor2,a,899,1754,2198,150.0,-38.0,-188.0,946.0,94.0,-219.0,-99.0,sp,ids,2
7079,Trevor2,i,512,2547,3114,60.0,5.0,98.0,-278.0,-12.0,425.0,243.0,sp,ids,3
7080,Trevor2,a,843,1332,2083,90.0,-98.0,197.0,81.0,234.0,-685.0,-864.0,sp,ids,2
7081,Trevor2,i,570,2550,3294,130.26,-74.0,-969.0,-185.0,6.0,-58.0,-135.0,sp,ids,3
7082,Trevor2,a,1037,2112,2890,117.854,-295.0,108.0,-191.0,539.0,235.0,30.0,sp,ids,1
7090,Trevor2,a,859,1960,2876,130.0,-16.0,-42.0,525.0,194.0,-14.0,299.0,sp,ids,2
7091,Trevor2,i,447,2770,3143,130.0,4.0,-1962.0,-276.0,-84.0,845.0,193.0,sp,ids,3
7096,Trevor2,i,339,542,2772,90.0,216.0,2348.0,547.0,-233.0,-2167.0,-181.0,sp,ids,0
7097,Trevor2,a,903,2053,3047,100.0,-232.0,139.0,-335.0,-42.0,24.0,-202.0,sp,ids,2
7098,Trevor2,a,851,1794,2981,100.0,-51.0,-43.0,-45.0,32.0,42.0,-52.0,sp,ids,2
7103,Trevor2,a,929,1297,2556,100.0,-99.0,55.0,92.0,56.0,-1017.0,-887.0,sp,ids,2
7105,Trevor2,a,878,1754,2754,100.0,4.0,-36.0,-21.0,42.0,-108.0,258.0,sp,ids,2
7107,Trevor2,a,854,1648,2353,120.0,-66.0,-91.0,-370.0,94.0,266.0,-82.0,sp,ids,2
7109,Trevor2,a,888,1962,3164,40.0,-98.0,21.0,-347.0,98.0,82.0,700.0,sp,ids,2
7111,Trevor2,a,1112,1858,2391,130.0,-109.0,-248.0,-142.0,561.0,942.0,289.0,sp,ids,2
7112,Trevor2,i,604,2863,2991,50.0,-44.0,-2141.0,-305.0,-42.0,373.0,-103.0,sp,ids,3
7113,Trevor2,a,922,1969,2213,100.0,-151.0,91.0,252.0,182.0,24.0,40.0,sp,ids,2
7116,Trevor2,i,510,2248,2836,30.0,2.0,-468.0,1.0,-15.0,-106.0,29.0,sp,ids,3
7119,Trevor2,a,884,1587,2643,120.0,-71.0,447.0,-191.0,-5.0,-387.0,-197.0,sp,ids,2
7120,Trevor2,a,864,1602,2494,90.0,-71.0,123.0,194.0,90.0,309.0,-674.0,sp,ids,2
7122,Trevor2,a,942,1687,1846,110.0,-193.0,-60.0,149.0,244.0,864.0,608.0,sp,ids,2
7123,Trevor2,a,876,1241,3579,40.0,32.0,111.0,-271.0,74.0,-43.0,297.0,sp,ids,2
7125,Trevor2,a,785,1878,3040,50.0,-114.0,-127.0,-112.0,-19.0,-37.0,-23.0,sp,ids,2
7127,Trevor2,a,1078,2074,2928,140.486,-127.0,160.0,95.0,154.0,-39.0,-160.0,sp,ids,1
7128,Trevor2,i,483,677,2855,110.0,117.0,1602.0,79.0,-295.0,-1932.0,-318.0,sp,ids,0
7130,Trevor2,i,474,2780,3052,93.976,6.0,-198.0,-115.0,-110.0,395.0,122.0,sp,ids,3
7131,Trevor2,a,830,2175,2974,80.0,-58.0,-78.0,-11.0,-53.0,-9.0,-90.0,sp,ids,2
7133,Trevor2,a,698,1954,2708,30.0,-31.0,67.0,90.0,-14.0,-12.0,-18.0,sp,ids,2
7136,Trevor2,a,934,1010,2008,80.0,-41.0,825.0,811.0,-27.0,-815.0,-1354.0,sp,ids,2
7137,Trevor2,a,1049,1758,2144,150.0,-81.0,-190.0,55.0,109.0,-260.0,-704.0,sp,ids,2
7138,Trevor2,i,651,1655,2951,40.0,12.0,1012.0,-107.0,-18.0,-457.0,-22.0,sp,ids,1
7139,Trevor2,a,925,2007,2970,100.0,52.0,42.0,-30.0,-32.0,39.0,-81.0,sp,ids,2
7141,Trevor2,a,838,1947,2818,80.0,-153.0,-443.0,-362.0,46.0,-148.0,-2.0,sp,ids,2
7143,Trevor2,a,728,1917,2595,80.0,14.0,-209.0,221.0,21.0,48.0,-95.0,sp,ids,2
7145,Trevor2,a,776,1198,2104,60.0,29.0,203.0,341.0,54.0,34.0,-575.0,sp,ids,2
7147,Trevor2,i,663,2271,2786,80.0,103.0,429.0,975.0,147.0,69.0,17.0,sp,ids,3
7148,Trevor2,a,937,1917,2766,170.0,-77.0,107.0,109.0,149.0,-33.0,30.0,sp,ids,2
7150,Trevor2,i,551,1877,2903,30.0,-12.0,215.0,19.0,-19.0,-111.0,-10.0,sp,ids,2
7153,Trevor2,a,876,1645,2958,110.0,-17.0,-58.0,-112.0,581.0,809.0,1016.0,sp,ids,2
7154,Trevor2,i,313,1193,2817,30.0,-2.0,87.0,-348.0,25.0,242.0,185.0,sp,ids,0
7157,Trevor2,a,778,1659,2587,70.0,-30.0,-351.0,-973.0,4.0,-52.0,-237.0,sp,ids,2
7158,Trevor2,a,786,1628,2624,60.0,0.5,87.0,-84.0,41.0,241.0,40.0,sp,ids,2
7159,Trevor2,a,806,1693,2004,80.0,12.0,-272.0,135.0,55.0,-107.0,-40.0,sp,ids,2
7160,Trevor2,a,1004,1863,2661,120.0,-194.0,-73.0,5.0,242.0,608.0,505.0,sp,ids,2
7162,Trevor2,a,1631,2906,3853,165.926,-392.0,-959.0,-611.0,82.0,548.0,553.0,sp,ids,1
7164,Trevor2,a,769,1782,2650,100.0,46.0,-9.0,297.0,53.0,-50.0,-194.0,sp,ids,2
7167,Trevor2,a,784,1994,2466,70.0,-9.0,-91.0,52.0,46.0,-50.0,-127.0,sp,ids,2
7168,Trevor2,a,754,1962,2632,60.478,-10.0,18.0,269.0,45.0,79.0,-77.0,sp,ids,2
7172,Trevor2,a,826,1907,2894,90.0,29.0,23.0,275.0,22.0,53.0,-207.0,sp,ids,2
7185,Trevor2,a,1117,1169,2435,230.0,-371.0,1140.0,42.0,255.0,-197.0,495.0,sp,ids,2
7190,Trevor2,i,392,2630,2720,50.0,5.0,-277.0,87.0,42.0,12.0,-259.0,sp,ids,3
7199,Trevor2,a,777,1814,2016,70.0,-13.0,-7.0,-16.0,0.2,-31.0,-607.0,sp,ids,2
7200,Trevor2,a,818,1577,2903,80.0,29.0,42.0,-288.0,416.0,302.0,174.0,sp,ids,2
7204,Trevor2,a,740,1304,2454,110.0,50.0,-34.0,-44.0,154.0,-451.0,8.0,sp,ids,2
7205,Trevor2,i,588,2510,3053,50.0,26.0,-1653.0,-202.0,-204.0,224.0,467.0,sp,ids,3
7208,Trevor2,a,855,1619,2566,110.0,-78.0,-232.0,17.0,115.0,-294.0,-481.0,sp,ids,2
7209,Trevor2,a,898,1643,2067,70.0,-45.0,74.0,705.0,37.0,83.0,111.0,sp,ids,2
7210,Trevor2,a,834,1804,1857,30.0,4.0,-24.0,300.0,-4.0,-45.0,-5.0,sp,ids,2
7212,Trevor2,a,925,1661,1974,90.0,-146.0,234.0,87.0,-23.0,-257.0,-95.0,sp,ids,2
7218,Trevor2,a,900,1780,3102,54.275,541.0,-112.0,-30.0,-392.0,-9.0,-319.0,sp,ids,2
7219,Trevor2,a,898,2064,3110,99.566,-37.0,-204.0,-199.0,198.0,-144.0,213.0,sp,ids,2
7220,Trevor2,i,660,2754,3466,273.575,-80.0,-138.0,-239.0,332.0,2050.0,671.0,sp,ids,3
7222,Trevor2,a,867,1978,3120,71.333,130.0,0.2,16.0,27.0,45.0,-99.0,sp,ids,2
7223,Trevor2,a,947,2006,3150,108.55,-37.0,-148.0,-51.0,31.0,9.0,176.0,sp,ids,2
7224,Trevor2,a,881,1808,2803,70.175,49.0,69.0,13.0,213.0,49.0,-31.0,sp,ids,2
7225,Trevor2,a,1002,1725,2444,230.0,-121.0,-105.0,73.0,113.0,107.0,-112.0,sp,ids,2
7228,Trevor2,a,877,2332,3213,90.0,25.0,-102.0,-107.0,156.0,265.0,102.0,sp,ids,1
7231,Trevor2,i,317,2524,2917,60.0,-9.0,-323.0,-24.0,-2.0,256.0,-281.0,sp,ids,3
7232,Trevor2,a,916,2171,2975,150.0,104.0,-372.0,7.0,295.0,311.0,-102.0,sp,ids,2
7235,Trevor2,i,462,2518,3509,110.0,75.0,308.0,-280.0,80.0,275.0,13.0,sp,ids,3
7236,Trevor2,a,928,2073,3100,130.0,-10.0,-196.0,-182.0,124.0,316.0,696.0,sp,ids,2
7245,Trevor2,i,503,781,2839,140.0,36.0,524.0,-171.0,76.0,-278.0,131.0,sp,ids,0
7249,Trevor2,i,617,2502,2934,30.0,-92.0,-231.0,156.0,124.0,17.0,57.0,sp,ids,3
7250,Trevor2,a,891,2104,2478,110.0,-61.0,-274.0,60.0,105.0,2.0,-81.0,sp,ids,2
7259,Trevor2,a,784,1441,3111,120.0,-19.0,-54.0,-762.0,-57.0,14.0,-237.0,sp,ids,2
7260,Trevor2,a,789,1860,2663,80.0,63.0,-155.0,-101.0,155.0,33.0,-92.0,sp,ids,2
7266,Trevor2,a,859,1855,2902,81.003,-55.0,-4.0,-138.0,45.0,132.0,132.0,sp,ids,2
7268,Trevor2,i,587,1475,2748,133.362,-36.0,1020.0,143.0,147.0,-306.0,-41.0,sp,ids,2
7271,Trevor2,a,1045,1798,1954,120.0,-244.0,-54.0,314.0,123.0,66.0,-742.0,sp,ids,2
7272,Trevor2,i,1260,2697,3709,83.739,-1078.0,-784.0,-992.0,780.0,221.0,783.0,sp,ids,1
7273,Trevor2,a,432,1315,1686,145.041,569.0,390.0,738.0,-249.0,-383.0,-1451.0,sp,ids,0
7274,Trevor2,i,520,2292,2659,30.0,-6.0,427.0,286.0,-9.0,201.0,47.0,sp,ids,3
7275,Trevor2,a,873,1988,2593,130.0,-117.0,-1156.0,-365.0,46.0,-51.0,-196.0,sp,ids,2
7277,Trevor2,a,769,2086,3244,80.0,-88.0,-129.0,-309.0,-26.0,-115.0,279.0,sp,ids,2
7278,Trevor2,a,915,1809,2666,130.0,-38.0,160.0,-38.0,72.0,69.0,484.0,sp,ids,2
7281,Trevor2,a,740,1936,2450,30.0,140.0,54.0,186.0,-91.0,-305.0,195.0,sp,ids,2
7282,Trevor2,a,816,2033,3347,30.0,148.0,-837.0,-740.0,-209.0,-462.0,-294.0,sp,ids,2
7285,Trevor2,a,993,1881,2687,110.0,-42.0,96.0,226.0,371.0,5.0,285.0,sp,ids,2
7286,Trevor2,a,934,2024,2732,110.0,-14.0,-258.0,-71.0,14.0,-81.0,155.0,sp,ids,2
7287,Trevor2,a,1030,1858,3001,90.0,8.0,-62.0,-160.0,125.0,-40.0,129.0,sp,ids,2
7290,Trevor2,i,387,1195,2792,30.0,62.0,-89.0,130.0,25.0,-5.0,29.0,sp,ids,0
7292,Trevor2,i,752,2414,2778,40.0,-287.0,258.0,115.0,-6.0,-19.0,-87.0,sp,ids,1
7293,Trevor2,a,865,2190,2698,30.0,21.0,-66.0,-435.0,-17.0,41.0,-231.0,sp,ids,2
7295,Trevor2,a,1574,1946,3063,60.0,-844.0,-898.0,-445.0,770.0,219.0,574.0,sp,ids,1
7296,Trevor2,a,881,1481,2604,50.0,-9.0,96.0,131.0,-87.0,-1202.0,-1116.0,sp,ids,2
7303,Trevor2,a,753,1894,2543,70.0,-18.0,-133.0,7.0,153.0,-197.0,-103.0,sp,ids,2
7304,Trevor2,i,700,1909,3036,30.0,1.0,141.0,168.0,-104.0,368.0,-147.0,sp,ids,2
7311,Trevor2,a,793,1616,2727,60.0,6.0,773.0,242.0,-11.0,-383.0,-288.0,sp,ids,2
7318,Trevor2,a,960,1722,2730,100.0,-123.0,209.0,70.0,134.0,490.0,-27.0,sp,ids,2
7323,Trevor2,a,854,2273,2743,140.0,10.0,-446.0,12.0,170.0,255.0,-48.0,sp,ids,2
7324,Trevor2,i,358,885,2770,120.0,93.0,-397.0,-140.0,-54.0,-860.0,-144.0,sp,ids,0
7327,Trevor2,a,878,2126,2856,164.057,-37.0,-3.0,401.0,66.0,113.0,149.0,sp,ids,2
7328,Trevor2,i,458,1497,3058,110.0,-19.0,-292.0,-274.0,-285.0,-432.0,585.0,sp,ids,1
7332,Trevor2,a,957,1940,2771,80.0,-22.0,155.0,-258.0,108.0,-85.0,-190.0,sp,ids,2
7333,Trevor2,a,868,1875,2482,40.0,8.0,-595.0,-85.0,282.0,1053.0,527.0,sp,ids,2
7337,Trevor2,a,819,1717,2710,100.0,-249.0,-654.0,-843.0,105.0,28.0,181.0,sp,ids,2
7345,Trevor2,a,984,2149,2801,70.0,-24.0,-69.0,215.0,6.0,28.0,-66.0,sp,ids,2
7349,Trevor2,i,520,833,2710,416.726,-64.0,86.0,-27.0,-31.0,-1839.0,-582.0,sp,ids,0
7352,Trevor2,a,949,1885,2636,160.0,-238.0,-554.0,-616.0,101.0,-9.0,-45.0,sp,ids,2
7353,Trevor2,a,952,1986,2760,100.0,-9.0,45.0,165.0,177.0,133.0,-70.0,sp,ids,2
7354,Trevor2,a,929,1443,1964,170.0,-62.0,378.0,70.0,-44.0,-343.0,-478.0,sp,ids,2
7355,Trevor2,a,1064,1868,3257,120.0,-154.0,-145.0,-1335.0,592.0,48.0,114.0,sp,ids,2
7356,Trevor2,a,695,1889,2587,70.0,-116.0,-757.0,75.0,19.0,5.0,367.0,sp,ids,2
7358,Trevor2,i,528,715,2657,60.0,0.8,180.0,-163.0,58.0,-966.0,-50.0,sp,ids,0
7360,Trevor2,a,932,1576,2614,90.0,-182.0,-686.0,-850.0,76.0,-530.0,-45.0,sp,ids,2
7361,Trevor2,a,870,1482,2008,140.0,-50.0,307.0,482.0,-74.0,-245.0,-791.0,sp,ids,2
7362,Trevor2,a,700,1675,2889,150.0,295.0,194.0,-128.0,586.0,993.0,888.0,sp,ids,1
7363,Trevor2,i,491,2695,3245,70.0,-27.0,13.0,512.0,28.0,752.0,528.0,sp,ids,3
7364,Trevor2,a,847,1986,2898,80.0,-66.0,-133.0,-191.0,-155.0,11.0,-7.0,sp,ids,2
7367,Trevor2,a,795,1828,2981,50.0,-110.0,-47.0,217.0,-80.0,-67.0,42.0,sp,ids,2
7368,Trevor2,a,936,1836,2459,130.0,-72.0,25.0,-163.0,30.0,-13.0,-308.0,sp,ids,2
7369,Trevor2,a,947,1862,2712,60.0,-74.0,11.0,19.0,-35.0,-36.0,-237.0,sp,ids,2
7370,Trevor2,a,559,1976,2874,240.0,101.0,-229.0,735.0,-103.0,-276.0,-1276.0,sp,ids,3
7371,Trevor2,i,430,728,2904,120.0,137.0,2055.0,737.0,-345.0,-2029.0,-103.0,sp,ids,0
7372,Trevor2,a,864,1885,2954,100.0,51.0,-279.0,-348.0,-42.0,-115.0,0.1,sp,ids,2
7373,Trevor2,a,798,1784,2968,40.0,58.0,60.0,-26.0,-17.0,-102.0,-64.0,sp,ids,2
7376,Trevor2,a,1109,2235,2777,120.0,-308.0,-263.0,76.0,108.0,440.0,-51.0,sp,ids,1
7377,Trevor2,a,817,1616,2684,70.0,-3.0,-240.0,-232.0,-70.0,-340.0,-113.0,sp,ids,2
7378,Trevor2,a,803,1840,3108,90.0,49.0,-85.0,-431.0,243.0,70.0,-26.0,sp,ids,2
7380,Trevor2,a,818,1715,2905,60.0,-73.0,-269.0,-264.0,94.0,-171.0,36.0,sp,ids,2
7385,Trevor2,a,893,1774,3244,50.0,54.0,-90.0,10.0,35.0,-25.0,-181.0,sp,ids,2
7389,Trevor2,a,893,1744,2501,50.0,-139.0,-293.0,155.0,30.0,-103.0,-237.0,sp,ids,2
7390,Trevor2,i,487,694,2711,70.0,80.0,1810.0,375.0,10.0,-1458.0,-52.0,sp,ids,0
7391,Trevor2,i,488,2587,2801,60.0,-13.0,-70.0,128.0,13.0,-224.0,-66.0,sp,ids,3
7392,Trevor2,a,636,1440,2404,120.0,92.0,677.0,116.0,360.0,-338.0,-245.0,sp,ids,2
7395,Trevor2,a,697,1683,2992,50.0,-129.0,-14.0,-156.0,-7.0,-263.0,47.0,sp,ids,2
7398,Trevor2,i,533,2737,3031,60.0,-80.0,206.0,-7.0,-13.0,-93.0,-39.0,sp,ids,3
7399,Trevor2,a,569,2009,3095,30.0,12.0,-33.0,89.0,35.0,47.0,259.0,sp,ids,3
7402,Trevor2,a,804,2119,3118,70.0,-63.0,-116.0,-41.0,-4.0,-70.0,149.0,sp,ids,2
7403,Trevor2,a,755,2166,2813,30.0,6.0,-28.0,46.0,-56.0,-27.0,-101.0,sp,ids,2
7404,Trevor2,a,547,2213,2887,30.0,65.0,-90.0,-49.0,17.0,49.0,-5.0,sp,ids,3
7405,Trevor2,a,932,2085,2714,90.0,-165.0,-31.0,64.0,91.0,-7.0,-57.0,sp,ids,2
7408,Trevor2,a,800,1952,3206,30.0,7.0,27.0,339.0,19.0,14.0,314.0,sp,ids,2
7409,Trevor2,a,765,1923,2938,50.0,31.0,3.0,131.0,87.0,-60.0,-158.0,sp,ids,2
7411,Trevor2,a,874,1958,3148,140.0,77.0,-370.0,120.0,397.0,-136.0,311.0,sp,ids,1
7415,Trevor2,a,822,1285,1965,70.0,-46.0,-1.0,801.0,-4.0,-498.0,-395.0,sp,ids,2
7416,Trevor2,a,754,1925,2947,70.0,88.0,-12.0,-156.0,134.0,49.0,-145.0,sp,ids,2
7418,Trevor2,i,583,2759,3407,90.0,-16.0,-124.0,-528.0,-34.0,79.0,477.0,sp,ids,3
7421,Trevor2,a,790,1774,2671,70.0,-22.0,99.0,93.0,101.0,15.0,-494.0,sp,ids,2
7422,Trevor2,a,817,1765,2628,110.0,-69.0,-13.0,137.0,124.0,-261.0,-131.0,sp,ids,1
7423,Trevor2,i,474,2693,2762,90.0,21.0,-74.0,140.0,202.0,179.0,-114.0,sp,ids,3
7424,Trevor2,a,911,2032,2810,280.0,-26.0,-119.0,-124.0,143.0,809.0,291.0,sp,ids,2
7425,Trevor2,i,476,906,2766,220.0,103.0,1751.0,-26.0,9.0,-460.0,-298.0,sp,ids,0
7426,Trevor2,i,386,498,2844,110.0,-2.0,28.0,64.0,-103.0,-81.0,-18.0,sp,ids,0
7427,Trevor2,a,985,2123,2743,130.0,-190.0,154.0,398.0,57.0,-102.0,-79.0,sp,ids,2
7431,Trevor2,a,764,1788,3028,100.0,-34.0,-115.0,-83.0,95.0,-41.0,-288.0,sp,ids,2
7432,Trevor2,a,826,1713,3529,110.0,46.0,90.0,-55.0,190.0,-238.0,164.0,sp,ids,2
7435,Trevor2,a,793,1861,2977,110.0,-1.0,11.0,-339.0,186.0,59.0,-611.0,sp,ids,2
7436,Trevor2,i,566,3049,3983,40.0,3.0,-398.0,-854.0,-2.0,103.0,274.0,sp,ids,3
7437,Trevor2,a,855,2075,2807,110.0,-46.0,66.0,-130.0,210.0,-18.0,-317.0,sp,ids,2
7438,Trevor2,i,368,1249,3068,30.0,63.0,477.0,-23.0,-40.0,460.0,419.0,sp,ids,1
7439,Trevor2,a,1065,2190,3061,120.0,-717.0,-1360.0,-681.0,140.0,103.0,-149.0,sp,ids,2
7441,Trevor2,a,1086,2075,3128,30.0,39.0,-41.0,-53.0,94.0,4.0,15.0,sp,ids,2
7442,Trevor2,a,1016,1753,3033,80.0,-16.0,139.0,-142.0,525.0,45.0,1009.0,sp,ids,2
7445,Trevor2,a,851,2207,2867,60.0,-100.0,-1286.0,-472.0,-137.0,78.0,-157.0,sp,ids,2
7446,Trevor2,i,415,2528,3140,40.0,-86.0,-1743.0,-301.0,64.0,384.0,223.0,sp,ids,3
7447,Trevor2,a,789,2290,2871,80.0,-107.0,-152.0,0.0,-10.0,86.0,-211.0,sp,ids,2
7448,Trevor2,a,875,2201,2777,80.0,12.0,51.0,434.0,166.0,69.0,203.0,sp,ids,2
7450,Trevor2,a,961,1827,2408,110.0,-201.0,-138.0,208.0,45.0,-71.0,121.0,sp,ids,2
7451,Trevor2,a,724,2013,2577,80.0,86.0,-20.0,190.0,87.0,48.0,-4.0,sp,ids,2
7453,Trevor2,a,769,1449,2507,60.0,7.0,-401.0,-76.0,151.0,580.0,115.0,sp,ids,2
7454,Trevor2,a,856,2152,2821,70.0,33.0,-140.0,70.0,205.0,-19.0,-73.0,sp,ids,2
7458,Trevor2,a,949,1996,2670,120.0,-0.6,105.0,279.0,393.0,636.0,434.0,sp,ids,2
7460,Trevor2,a,972,2148,2890,120.0,-132.0,-4.0,85.0,97.0,-58.0,-160.0,sp,ids,2
7461,Trevor2,a,698,2074,2936,30.0,-56.0,-268.0,-592.0,-88.0,51.0,-22.0,sp,ids,2
7462,Trevor2,i,602,1904,2881,30.0,92.0,59.0,82.0,164.0,379.0,275.0,sp,ids,1
7463,Trevor2,a,818,2092,2866,70.0,-364.0,-806.0,-359.0,69.0,-101.0,88.0,sp,ids,2
7464,Trevor2,i,396,620,2865,60.0,225.0,2197.0,81.0,-211.0,-2049.0,-58.0,sp,ids,0
7465,Trevor2,a,810,942,2427,110.0,-86.0,-191.0,-200.0,-136.0,-1061.0,-561.0,sp,ids,2
7466,Trevor2,i,411,697,3159,30.0,293.0,2379.0,900.0,55.0,-160.0,-12.0,sp,ids,0
7467,Trevor2,a,961,2185,2859,90.0,-245.0,-1160.0,-597.0,38.0,126.0,287.0,sp,ids,2
7468,Trevor2,i,452,574,2942,30.0,-126.0,1069.0,132.0,-117.0,-2364.0,-506.0,sp,ids,0
7469,Trevor2,a,938,2064,2960,110.0,-118.0,135.0,114.0,-15.0,150.0,-78.0,sp,ids,2
7472,Trevor2,a,893,1924,2787,80.0,-70.0,-84.0,-33.0,96.0,136.0,-162.0,sp,ids,2
7473,Trevor2,i,331,2493,2883,60.0,16.0,-1835.0,-249.0,60.0,254.0,22.0,sp,ids,3
7474,Trevor2,a,868,1819,2842,140.0,87.0,-125.0,130.0,313.0,-268.0,567.0,sp,ids,2
7477,Trevor2,i,461,2530,2880,30.0,26.0,-161.0,-154.0,49.0,4.0,-18.0,sp,ids,3
7479,Trevor2,a,835,2106,2851,90.0,-31.0,297.0,70.0,28.0,-163.0,28.0,sp,ids,2
7480,Trevor2,i,622,2822,3108,80.0,-25.0,-70.0,448.0,23.0,251.0,101.0,sp,ids,3
7481,Trevor2,a,296,1254,2485,100.0,445.0,-447.0,-100.0,-601.0,-706.0,-481.0,sp,ids,0
7483,Trevor2,a,1017,1854,3340,90.0,-132.0,-155.0,-179.0,134.0,80.0,781.0,sp,ids,2
7485,Trevor2,i,490,2153,2888,90.0,-103.0,-1267.0,-3.0,17.0,1416.0,150.0,sp,ids,3
7486,Trevor2,a,866,2059,2855,120.0,-466.0,-1258.0,-627.0,-119.0,-188.0,-169.0,sp,ids,2
7490,Trevor2,i,417,878,2760,79.72,9.0,32.0,22.0,-8.0,10.0,251.0,sp,ids,0
7491,Trevor2,a,810,1937,2676,70.0,-35.0,-61.0,-136.0,-146.0,-165.0,-155.0,sp,ids,2
7492,Trevor2,i,825,1796,2766,30.0,36.0,-195.0,-104.0,61.0,-634.0,-72.0,sp,ids,2
7493,Trevor2,a,1142,1941,2747,135.378,-148.0,102.0,-233.0,88.0,90.0,-434.0,sp,ids,2
7494,Trevor2,a,1122,1759,2800,160.0,-110.0,149.0,138.0,192.0,442.0,238.0,sp,ids,2
7496,Trevor2,a,1163,2032,2910,114.515,-184.0,62.0,-218.0,104.0,192.0,-281.0,sp,ids,2
7498,Trevor3,i,436,2808,3188,50.0,-5.0,34.0,-245.0,8.0,170.0,144.0,sp,ids,3
7500,Trevor3,a,1015,2084,3139,80.0,-132.0,89.0,-151.0,173.0,-544.0,360.0,sp,ids,1
7501,Trevor3,i,618,2668,3823,80.0,-91.0,-195.0,-454.0,9.0,58.0,876.0,sp,ids,3
7502,Trevor3,i,602,2857,2958,40.0,6.0,-100.0,617.0,129.0,415.0,-79.0,sp,ids,3
7503,Trevor3,a,979,1704,2267,160.0,-9.0,-7.0,-443.0,169.0,156.0,390.0,sp,ids,2
7506,Trevor3,a,886,1308,1804,80.0,-124.0,323.0,196.0,346.0,177.0,-266.0,sp,ids,2
7510,Trevor3,a,934,1698,3139,100.0,64.0,-32.0,-163.0,18.0,-48.0,52.0,sp,ids,2
7512,Trevor3,i,578,638,2794,40.0,-8.0,-13.0,28.0,-54.0,-1531.0,-134.0,sp,ids,0
7513,Trevor3,a,893,1639,2239,80.0,-66.0,129.0,500.0,24.0,-363.0,-742.0,sp,ids,2
7516,Trevor3,a,770,955,2023,160.0,189.0,946.0,995.0,-133.0,-1210.0,-1520.0,sp,ids,2
7517,Trevor3,a,976,1111,1791,110.0,-92.0,569.0,133.0,232.0,-77.0,-76.0,sp,ids,2
7519,Trevor3,a,872,1682,2509,160.0,-3.0,11.0,52.0,9.0,-83.0,223.0,sp,ids,2
7520,Trevor3,i,433,2774,3004,70.0,28.0,53.0,374.0,4.0,425.0,279.0,sp,ids,3
7526,Trevor3,i,501,2576,2592,30.0,0.7,-146.0,477.0,7.0,65.0,-89.0,sp,ids,3
7527,Trevor3,a,948,1776,2697,150.0,-71.0,90.0,-254.0,237.0,948.0,915.0,sp,ids,2
7529,Trevor3,a,912,1353,1862,110.0,-104.0,168.0,787.0,112.0,280.0,146.0,sp,ids,2
7530,Trevor3,i,517,2588,3145,40.0,-54.0,-119.0,-213.0,-23.0,1928.0,402.0,sp,ids,3
7532,Trevor3,i,481,2070,2913,50.0,-45.0,63.0,808.0,-6.0,-399.0,169.0,sp,ids,3
7533,Trevor3,a,765,1485,2605,130.0,-2.0,586.0,117.0,134.0,-153.0,167.0,sp,ids,2
7536,Trevor3,a,889,1515,1798,100.0,-69.0,42.0,-134.0,144.0,293.0,-997.0,sp,ids,2
7538,Trevor3,a,778,1727,2538,70.0,-53.0,-73.0,-73.0,4.0,20.0,-225.0,sp,ids,2
7541,Trevor3,a,879,1323,1724,130.0,-378.0,-265.0,-115.0,-58.0,-494.0,-1230.0,sp,ids,2
7543,Trevor3,i,505,2654,3020,60.0,0.4,197.0,318.0,-16.0,52.0,52.0,sp,ids,3
7544,Trevor3,a,816,2314,2799,80.0,-13.0,-79.0,66.0,44.0,94.0,-166.0,sp,ids,1
7545,Trevor3,a,852,1938,2912,100.0,-31.0,104.0,117.0,367.0,607.0,-28.0,sp,ids,2
7546,Trevor3,a,873,1707,3165,110.0,-446.0,-352.0,-122.0,64.0,-290.0,92.0,sp,ids,2
7550,Trevor3,a,791,1416,2753,60.0,-33.0,-121.0,77.0,-45.0,-1.0,-169.0,sp,ids,2
7551,Trevor3,a,1040,1906,2843,50.0,-294.0,-135.0,-97.0,-10.0,98.0,18.0,sp,ids,2
7552,Trevor3,i,867,2777,3213,40.0,64.0,18.0,155.0,86.0,109.0,203.0,sp,ids,3
7553,Trevor3,a,1005,2191,2861,90.0,-193.0,94.0,39.0,-38.0,105.0,-36.0,sp,ids,2
7555,Trevor3,i,499,876,2891,30.0,-0.8,87.0,-26.0,-51.0,-11.0,-88.0,sp,ids,0
7560,Trevor3,a,886,1594,2766,150.0,151.0,197.0,313.0,120.0,-37.0,-879.0,sp,ids,2
7562,Trevor3,a,782,2027,2819,70.0,-83.0,-197.0,23.0,15.0,-20.0,-143.0,sp,ids,2
7563,Trevor3,i,514,2546,3269,40.0,11.0,-145.0,-174.0,53.0,-223.0,146.0,sp,ids,3
7565,Trevor3,a,890,1969,2899,90.0,-147.0,-9.0,-23.0,12.0,20.0,43.0,sp,ids,2
7566,Trevor3,i,522,2753,3340,60.0,-378.0,-1865.0,-450.0,-1.0,311.0,370.0,sp,ids,3
7567,Trevor3,a,646,2079,2681,70.0,58.0,238.0,213.0,-363.0,-13.0,-213.0,sp,ids,2
7568,Trevor3,a,937,1767,2835,100.0,62.0,285.0,120.0,66.0,443.0,222.0,sp,ids,2
7570,Trevor3,a,584,1380,2914,30.0,-29.0,23.0,-384.0,73.0,-77.0,-217.0,sp,ids,2
7573,Trevor3,i,399,575,2879,80.0,-3.0,1803.0,65.0,-23.0,-495.0,284.0,sp,ids,0
7574,Trevor3,a,854,1533,1776,130.0,-126.0,18.0,448.0,187.0,817.0,-86.0,sp,ids,2
7577,Trevor3,a,1080,1830,2855,90.0,-69.0,118.0,75.0,32.0,206.0,-127.0,sp,ids,1
7578,Trevor3,i,408,2672,3314,70.0,279.0,-869.0,-453.0,22.0,625.0,355.0,sp,ids,3
7579,Trevor3,a,967,1900,3077,150.0,39.0,-1.0,-422.0,-35.0,-59.0,-724.0,sp,ids,2
7581,Trevor3,i,424,2665,2876,150.0,-139.0,-1644.0,20.0,-182.0,468.0,-42.0,sp,ids,3
7582,Trevor3,a,750,1891,2963,30.0,49.0,-16.0,25.0,48.0,214.0,-51.0,sp,ids,2
7587,Trevor3,a,923,1802,2437,110.0,-40.0,33.0,-98.0,-0.4,18.0,-377.0,sp,ids,2
7590,Trevor3,a,912,1829,2841,130.0,-29.0,-99.0,40.0,322.0,473.0,36.0,sp,ids,2
7594,Trevor3,i,597,2724,2984,70.0,-87.0,-130.0,3.0,172.0,110.0,201.0,sp,ids,3
7595,Trevor3,a,626,1829,2425,50.0,178.0,103.0,480.0,32.0,-28.0,-328.0,sp,ids,2
7604,Trevor3,a,1026,1623,2840,180.0,-227.0,-643.0,-1021.0,17.0,-263.0,-95.0,sp,ids,2
7605,Trevor3,a,1028,1777,2593,70.0,8.0,-57.0,103.0,19.0,-44.0,-3.0,sp,ids,2
7607,Trevor3,a,954,977,1824,100.0,-109.0,648.0,680.0,164.0,-668.0,-1209.0,sp,ids,2
7608,Trevor3,a,1013,1685,1757,110.0,-126.0,-287.0,67.0,159.0,-31.0,-329.0,sp,ids,2
7609,Trevor3,a,928,1707,1744,100.0,-32.0,9.0,133.0,91.0,-37.0,-686.0,sp,ids,2
7610,Trevor3,a,1057,1612,2691,230.0,-82.0,-47.0,-867.0,156.0,-32.0,-13.0,sp,ids,2
7612,Trevor3,i,621,740,2814,60.0,19.0,1950.0,740.0,77.0,-207.0,81.0,sp,ids,0
7613,Trevor3,a,853,1889,2260,120.0,-424.0,-1081.0,267.0,371.0,6.0,36.0,sp,ids,2
7615,Trevor3,i,439,2455,3532,30.0,-28.0,-1915.0,-1126.0,50.0,140.0,-179.0,sp,ids,3
7617,Trevor3,i,423,1123,2664,110.0,46.0,-120.0,-74.0,-50.0,-329.0,44.0,sp,ids,0
7622,Trevor3,a,786,1741,2329,90.0,-96.0,184.0,-110.0,15.0,-210.0,-20.0,sp,ids,2
7624,Trevor3,i,557,2354,2786,30.0,25.0,-37.0,-29.0,23.0,12.0,-1058.0,sp,ids,3
7626,Trevor3,i,515,566,2371,30.0,21.0,1721.0,863.0,42.0,-1797.0,-1364.0,sp,ids,0
7627,Trevor3,i,544,1858,2629,60.0,-28.0,-683.0,86.0,167.0,1264.0,23.0,sp,ids,2
7632,Trevor3,a,910,1766,1941,90.0,61.0,-169.0,329.0,130.0,-217.0,-987.0,sp,ids,2
7634,Trevor3,a,995,1836,2411,200.0,-454.0,-181.0,216.0,306.0,169.0,-428.0,sp,ids,2
7636,Trevor3,a,795,2015,2745,60.0,81.0,-161.0,159.0,104.0,182.0,-151.0,sp,ids,2
7638,Trevor3,a,839,1155,1898,80.0,-11.0,84.0,1.0,163.0,62.0,36.0,sp,ids,2
7640,Trevor3,a,766,1975,2786,60.0,-46.0,138.0,-265.0,-12.0,-57.0,-13.0,sp,ids,2
7641,Trevor3,i,537,1121,2601,40.0,19.0,867.0,263.0,14.0,130.0,200.0,sp,ids,0
7642,Trevor3,i,538,857,2483,30.0,-5.0,19.0,139.0,-54.0,-1162.0,-342.0,sp,ids,0
7643,Trevor3,a,846,1987,2666,50.0,-106.0,61.0,16.0,-138.0,-37.0,-20.0,sp,ids,2
7644,Trevor3,a,941,1570,1862,440.0,72.0,-3.0,92.0,78.0,-150.0,-6.0,sp,ids,2
7646,Trevor3,a,945,2018,2938,260.0,233.0,145.0,-22.0,-3.0,117.0,-110.0,sp,ids,2
7651,Trevor3,i,479,2370,2718,150.0,7.0,-824.0,87.0,-30.0,823.0,-73.0,sp,ids,3
7662,Trevor3,a,1061,1750,2846,140.0,-177.0,22.0,-247.0,68.0,-67.0,-391.0,sp,ids,2
7666,Trevor3,a,946,1794,2766,150.0,-112.0,-15.0,-336.0,198.0,361.0,-184.0,sp,ids,1
7667,Trevor3,i,515,1353,3013,140.0,-95.0,1187.0,-143.0,-31.0,245.0,-195.0,sp,ids,1
7677,Trevor3,a,1039,1797,2755,140.0,-186.0,-218.0,-415.0,-44.0,-130.0,25.0,sp,ids,1
7678,Trevor3,i,419,2786,3930,70.0,-37.0,255.0,-881.0,-31.0,1970.0,1146.0,sp,ids,3
7679,Trevor3,a,841,1956,2944,110.0,-89.0,148.0,39.0,82.0,-6.0,29.0,sp,ids,2
7680,Trevor3,i,514,2804,3472,40.0,14.0,-47.0,-260.0,-11.0,2.0,-63.0,sp,ids,3
7685,Trevor3,a,610,1975,2649,110.0,141.0,192.0,460.0,155.0,-23.0,565.0,sp,ids,2
7692,Trevor3,a,662,1464,2693,140.0,268.0,507.0,552.0,39.0,103.0,-121.0,sp,ids,2
7696,Trevor3,a,832,1989,3049,60.0,-28.0,-13.0,23.0,-39.0,-58.0,99.0,sp,ids,2
7697,Trevor3,a,547,2154,3013,60.0,311.0,91.0,199.0,-16.0,-207.0,30.0,sp,ids,3
7698,Trevor3,i,436,2876,3162,140.0,-55.0,-145.0,162.0,-443.0,-176.0,-44.0,sp,ids,3
7699,Trevor3,i,597,2914,3350,51.789,-26.0,-184.0,2.0,76.0,280.0,282.0,sp,ids,3
7700,Trevor3,a,721,2129,2809,100.0,17.0,95.0,230.0,-137.0,60.0,-284.0,sp,ids,2
7703,Trevor3,a,881,2004,2957,60.0,-109.0,87.0,460.0,161.0,105.0,119.0,sp,ids,2
7706,Trevor3,a,804,1867,2976,30.0,-98.0,-11.0,56.0,-16.0,181.0,244.0,sp,ids,2
7707,Trevor3,a,542,911,2407,50.0,315.0,938.0,512.0,69.0,-703.0,63.0,sp,ids,0
7708,Trevor3,i,383,2883,3348,120.0,168.0,-1837.0,-362.0,123.0,997.0,606.0,sp,ids,3
7711,Trevor3,a,908,1834,3191,130.0,-202.0,-701.0,-1457.0,119.0,24.0,427.0,sp,ids,2
7713,Trevor3,a,977,1618,2064,90.0,31.0,109.0,530.0,14.0,-469.0,-714.0,sp,ids,2
7714,Trevor3,i,645,762,2623,75.985,20.0,1646.0,214.0,-56.0,-1797.0,-436.0,sp,ids,0
7715,Trevor3,i,671,2764,3209,68.232,3.0,-12.0,-378.0,-2.0,272.0,276.0,sp,ids,3
7716,Trevor3,a,674,1804,3031,241.901,301.0,395.0,-188.0,-822.0,-944.0,-620.0,sp,ids,2
7717,Trevor3,i,522,2579,3250,63.146,31.0,-55.0,-45.0,-42.0,217.0,224.0,sp,ids,3
7718,Trevor3,a,808,1969,2962,161.274,-224.0,-566.0,-482.0,113.0,187.0,-15.0,sp,ids,2
7719,Trevor3,a,1083,2106,2942,153.756,-326.0,-108.0,93.0,123.0,10.0,34.0,sp,ids,2
7720,Trevor3,i,924,2564,3509,319.514,-364.0,184.0,-320.0,-1042.0,-792.0,-184.0,sp,ids,2
7721,Trevor3,a,1107,2253,2793,178.332,-154.0,-223.0,171.0,179.0,198.0,28.0,sp,ids,1
7722,Trevor3,i,859,2575,3339,139.564,-17.0,-33.0,-184.0,255.0,647.0,258.0,sp,ids,1
7723,Trevor3,i,343,3091,3978,102.39,159.0,-140.0,-623.0,-220.0,664.0,918.0,sp,ids,3
7724,Trevor3,a,922,2098,2785,130.0,-138.0,-90.0,-24.0,201.0,126.0,-142.0,sp,ids,2
7731,Trevor3,i,604,2735,3355,80.0,1.0,-8.0,-368.0,-4.0,132.0,278.0,sp,ids,3
7732,Trevor3,a,801,884,2066,80.0,25.0,1271.0,932.0,-83.0,-106.0,-462.0,sp,ids,2
7734,Trevor3,a,925,1849,2971,140.0,-9.0,-75.0,219.0,0.4,11.0,-226.0,sp,ids,2
7735,Trevor3,a,947,1873,2901,160.0,-5.0,64.0,-815.0,78.0,-156.0,-262.0,sp,ids,2
7737,Trevor3,a,874,1778,2788,60.0,-261.0,-893.0,-445.0,76.0,-169.0,-161.0,sp,ids,2
7738,Trevor3,i,550,2951,3069,170.0,46.0,-184.0,-287.0,-22.0,185.0,-379.0,sp,ids,3
7740,Trevor3,a,574,1440,2826,50.0,216.0,605.0,507.0,-261.0,-907.0,-730.0,sp,ids,2
7743,Trevor3,a,834,1690,1748,130.0,98.0,-529.0,-242.0,57.0,-75.0,-1240.0,sp,ids,2
7745,Trevor3,i,800,2650,2897,50.0,4.0,248.0,278.0,-24.0,104.0,-271.0,sp,ids,1
7746,Trevor3,a,730,1584,2886,30.0,475.0,1044.0,472.0,-27.0,-442.0,-150.0,sp,ids,2
7749,Trevor3,a,852,2126,2970,60.866,16.0,-60.0,-28.0,-95.0,-57.0,136.0,sp,ids,2
7750,Trevor3,a,905,2151,2915,43.808,-32.0,-21.0,-89.0,137.0,66.0,468.0,sp,ids,2
7751,Trevor3,i,929,2937,3396,181.697,-89.0,-361.0,-313.0,487.0,1404.0,528.0,sp,ids,1
7755,Trevor3,a,777,2048,2446,69.782,11.0,-287.0,-556.0,215.0,425.0,181.0,sp,ids,2
7760,Trevor3,i,543,2501,2681,60.33,-24.0,-68.0,-94.0,-27.0,370.0,-35.0,sp,ids,3
7761,Trevor3,a,805,1900,2598,69.36,-173.0,-558.0,-565.0,9.0,115.0,-49.0,sp,ids,2
7764,Trevor3,a,735,1964,2892,95.232,104.0,-139.0,-272.0,-17.0,-32.0,-327.0,sp,ids,2
7768,Trevor3,a,595,2154,2621,30.0,56.0,64.0,123.0,-82.0,-103.0,-245.0,sp,ids,3
7770,Trevor3,a,609,1921,2728,40.0,86.0,4.0,3.0,13.0,21.0,43.0,sp,ids,2
7771,Trevor3,i,575,2918,2936,140.0,-123.0,-1883.0,-277.0,-10.0,169.0,-227.0,sp,ids,3
7775,Trevor3,a,597,1923,2837,195.262,312.0,81.0,-184.0,-104.0,-38.0,387.0,sp,ids,2
7778,Trevor3,a,851,1715,1909,69.782,303.0,91.0,1164.0,-92.0,-254.0,-1227.0,sp,ids,2
7780,Trevor3,i,601,624,2768,60.0,24.0,1965.0,-28.0,243.0,-365.0,117.0,sp,ids,0
7781,Trevor3,a,947,2385,2900,100.0,-182.0,-83.0,76.0,476.0,462.0,50.0,sp,ids,2
7782,Trevor3,a,914,1819,2898,40.0,-55.0,36.0,38.0,-28.0,-143.0,-19.0,sp,ids,2
7783,Trevor3,i,476,2684,2934,110.0,5.0,-150.0,81.0,122.0,-70.0,-175.0,sp,ids,3
7786,Trevor3,a,707,2061,2748,60.0,-79.0,-132.0,186.0,184.0,79.0,50.0,sp,ids,2
7787,Trevor3,a,829,2097,2731,30.0,30.0,4.0,-44.0,-29.0,51.0,38.0,sp,ids,2
7788,Trevor3,i,279,2708,3084,120.0,200.0,-175.0,-136.0,-320.0,659.0,-224.0,sp,ids,3
7789,Trevor3,i,283,2640,2969,80.0,-11.0,-206.0,168.0,22.0,474.0,-4.0,sp,ids,3
7793,Trevor3,a,883,1957,2821,50.0,-13.0,5.0,6.0,-28.0,-177.0,14.0,sp,ids,2
7795,Trevor3,a,1042,1858,3010,120.956,-56.0,122.0,-215.0,-709.0,-834.0,-395.0,sp,ids,2
7801,Trevor3,a,1052,1559,2673,160.0,-51.0,183.0,-223.0,196.0,123.0,720.0,sp,ids,2
7810,Trevor3,a,1038,1801,2555,130.0,16.0,-180.0,85.0,163.0,-3.0,-4.0,sp,ids,2
7821,Trevor3,a,1109,1639,2822,208.975,-26.0,-50.0,-232.0,125.0,-206.0,527.0,sp,ids,2
7822,Trevor3,a,882,1864,2678,50.0,-23.0,-97.0,-112.0,84.0,-14.0,474.0,sp,ids,2
7823,Trevor3,a,960,1860,2175,70.0,-38.0,-92.0,231.0,137.0,-120.0,-473.0,sp,ids,2
7836,Trevor3,i,448,1825,2087,30.0,65.0,-375.0,755.0,-56.0,916.0,-87.0,sp,ids,2
7837,Trevor3,a,856,2072,3119,60.0,9.0,69.0,-265.0,84.0,122.0,-2.0,sp,ids,2
7839,Trevor3,i,589,2240,2666,30.0,50.0,181.0,-66.0,62.0,134.0,-336.0,sp,ids,3
7841,Trevor3,i,447,1093,2761,80.0,66.0,1118.0,-14.0,75.0,-659.0,-227.0,sp,ids,0
7845,Trevor3,a,881,1516,2668,144.07,-2.0,197.0,786.0,267.0,358.0,-67.0,sp,ids,2
7848,Trevor3,a,860,1855,2631,50.0,-84.0,-1.0,103.0,-46.0,0.0,156.0,sp,ids,2
7849,Trevor3,a,673,1928,2976,54.686,133.0,118.0,56.0,-130.0,-267.0,-103.0,sp,ids,2
7852,Trevor3,a,780,1781,2868,185.293,-130.0,29.0,609.0,-3.0,-322.0,-289.0,sp,ids,2
7855,Trevor3,a,780,1524,2620,60.0,-22.0,78.0,62.0,45.0,267.0,-7.0,sp,ids,2
7858,Trevor3,a,483,1424,3236,320.0,235.0,561.0,-126.0,-5.0,-4.0,-14.0,sp,ids,2
7862,Trevor3,a,870,1861,2591,110.0,-180.0,-501.0,-95.0,250.0,-6.0,-86.0,sp,ids,2
7865,Trevor3,a,899,1163,2455,120.0,-21.0,1036.0,566.0,60.0,110.0,421.0,sp,ids,2
7866,Trevor3,i,591,2488,3151,120.0,4.0,-51.0,-65.0,158.0,-2.0,147.0,sp,ids,3
7869,Trevor3,a,985,1963,2606,270.0,-137.0,-146.0,40.0,99.0,12.0,102.0,sp,ids,2
7871,Trevor3,a,1037,2017,2967,150.0,-234.0,-49.0,-157.0,155.0,990.0,887.0,sp,ids,2
7873,Trevor3,a,570,1684,2752,130.0,146.0,-324.0,147.0,-157.0,-248.0,108.0,sp,ids,3
7874,Trevor3,a,992,1984,2860,150.0,-152.0,-41.0,-37.0,350.0,-135.0,24.0,sp,ids,2
7880,Trevor3,a,817,1794,2287,120.0,29.0,125.0,302.0,43.0,353.0,-177.0,sp,ids,2
7883,Trevor3,a,1027,1923,2715,200.0,-75.0,-79.0,-136.0,248.0,280.0,245.0,sp,ids,2
7886,Trevor3,a,855,1935,3089,100.0,-33.0,106.0,90.0,11.0,78.0,-91.0,sp,ids,2
7887,Trevor3,a,830,1900,3330,110.0,-21.0,195.0,-493.0,-89.0,164.0,546.0,sp,ids,2
7891,Trevor3,a,882,2028,3009,120.0,-120.0,-212.0,-51.0,146.0,168.0,123.0,sp,ids,2
7893,Trevor3,a,931,1753,2520,108.217,-146.0,60.0,-586.0,69.0,244.0,-57.0,sp,ids,2
7895,Trevor3,i,446,942,2625,115.001,-88.0,226.0,256.0,-444.0,-1058.0,-496.0,sp,ids,0
7898,Trevor3,a,1003,1894,2000,180.0,-137.0,-180.0,618.0,208.0,-4.0,-628.0,sp,ids,2
7902,Trevor3,a,1008,1399,1994,190.0,-196.0,753.0,214.0,9.0,-440.0,-1041.0,sp,ids,2
7903,Trevor3,a,784,1797,2359,90.0,-156.0,-40.0,201.0,-124.0,-80.0,-378.0,sp,ids,2
7904,Trevor3,a,872,1872,2861,90.0,-74.0,-42.0,-8.0,186.0,53.0,129.0,sp,ids,2
7907,Trevor3,a,803,1447,1996,63.407,-4.0,332.0,570.0,-106.0,481.0,59.0,sp,ids,2
7908,Trevor3,i,496,761,2674,76.97,-6.0,-95.0,-336.0,-69.0,-1343.0,-368.0,sp,ids,0
7909,Trevor3,a,886,1475,1972,80.0,-140.0,20.0,99.0,-84.0,-660.0,-1188.0,sp,ids,2
7910,Trevor3,a,645,1755,2697,120.0,252.0,-70.0,-547.0,8.0,-133.0,-717.0,sp,ids,2
7911,Trevor3,i,647,2376,2658,40.0,-48.0,-1197.0,87.0,24.0,96.0,-50.0,sp,ids,3
7912,Trevor3,a,867,917,1946,90.0,61.0,1065.0,264.0,94.0,-992.0,-1387.0,sp,ids,2
7915,Trevor3,a,827,1958,3620,97.569,55.0,-325.0,-240.0,34.0,-281.0,-84.0,sp,ids,2
7918,Trevor3,a,968,1971,3813,100.0,-146.0,-736.0,-1849.0,-243.0,-510.0,408.0,sp,ids,2
7919,Trevor3,a,863,2003,2967,110.0,-178.0,38.0,248.0,103.0,17.0,135.0,sp,ids,2
7922,Trevor3,a,1044,2065,3781,30.0,-172.0,-46.0,-1027.0,181.0,22.0,883.0,sp,ids,2
7923,Trevor3,a,746,2156,2471,130.0,4.0,-961.0,-266.0,12.0,1028.0,139.0,sp,ids,2
7926,Trevor3,a,925,2125,2788,30.0,42.0,73.0,996.0,-43.0,39.0,-177.0,sp,ids,2
7927,Trevor3,i,495,2824,3452,40.0,-39.0,-125.0,205.0,98.0,1750.0,560.0,sp,ids,3
7928,Trevor3,i,361,1124,2762,90.0,-35.0,732.0,572.0,-58.0,64.0,-42.0,sp,ids,0
7929,Trevor3,a,775,1998,2825,30.0,-46.0,-544.0,-131.0,-28.0,-250.0,17.0,sp,ids,2
7932,Trevor3,a,622,1394,3119,30.0,107.0,65.0,-108.0,-74.0,-611.0,-99.0,sp,ids,2
7933,Trevor3,a,719,1826,2458,50.0,-8.0,308.0,-72.0,-100.0,-491.0,-1321.0,sp,ids,2
7934,Trevor3,a,690,1985,3076,30.0,19.0,-479.0,-353.0,80.0,188.0,19.0,sp,ids,2
7935,Trevor3,i,436,934,2811,70.0,23.0,98.0,-305.0,-63.0,-1963.0,-1410.0,sp,ids,0
7936,Trevor3,i,393,2562,3098,30.0,-49.0,59.0,441.0,-121.0,45.0,-289.0,sp,ids,3
7937,Trevor3,a,667,2278,3229,60.0,63.0,224.0,-661.0,-202.0,-125.0,223.0,sp,ids,3
7938,Trevor3,i,492,2756,2873,100.0,-10.0,-136.0,175.0,-13.0,171.0,-219.0,sp,ids,3
7939,Trevor3,a,859,2093,2923,60.0,-162.0,-365.0,-18.0,-41.0,45.0,-108.0,sp,ids,1
7941,Trevor3,a,1062,2352,3132,80.0,-157.0,67.0,-160.0,10.0,425.0,-238.0,sp,ids,2
7942,Trevor3,a,1010,1683,3240,30.0,-2.0,6.0,204.0,-102.0,-211.0,-221.0,sp,ids,2
7943,Trevor3,a,847,1966,3215,113.202,-13.0,-5.0,57.0,431.0,204.0,92.0,sp,ids,2
7945,Trevor3,a,956,1954,3123,110.0,-228.0,109.0,-178.0,4.0,-108.0,113.0,sp,ids,2
7948,Trevor3,a,915,1949,2950,120.0,-174.0,-578.0,-450.0,112.0,133.0,-304.0,sp,ids,2
7949,Trevor3,a,878,1127,2387,60.0,-60.0,279.0,-189.0,230.0,60.0,-133.0,sp,ids,2
7950,Trevor3,i,780,2228,2580,128.461,113.0,-193.0,925.0,139.0,189.0,-119.0,sp,ids,2
7951,Trevor3,a,864,1376,2669,89.942,-68.0,261.0,-118.0,-20.0,-190.0,-6.0,sp,ids,2
7953,Trevor3,a,885,1767,2701,110.0,-93.0,21.0,72.0,139.0,-13.0,167.0,sp,ids,2
7956,Trevor3,a,791,1996,2780,60.0,-57.0,-61.0,-76.0,-249.0,23.0,-106.0,sp,ids,2
7957,Trevor3,a,805,1685,2949,80.0,122.0,-59.0,28.0,139.0,-86.0,100.0,sp,ids,2
7960,Trevor3,a,1072,1865,2844,220.0,-263.0,-237.0,-190.0,138.0,-182.0,-152.0,sp,ids,2
7961,Trevor3,i,488,766,2830,90.0,145.0,1976.0,194.0,13.0,46.0,112.0,sp,ids,0
7962,Trevor3,a,781,1478,2438,140.0,56.0,648.0,681.0,317.0,-399.0,-506.0,sp,ids,2
7963,Trevor3,i,600,2688,3282,50.0,-68.0,-22.0,119.0,-18.0,176.0,178.0,sp,ids,1
7964,Trevor3,a,862,1946,2827,94.853,-220.0,-12.0,-5.0,148.0,44.0,21.0,sp,ids,2
7965,Trevor3,i,686,2203,2937,71.567,-29.0,-466.0,-366.0,32.0,208.0,360.0,sp,ids,2
7966,Trevor3,a,701,1750,2012,80.0,-10.0,201.0,527.0,23.0,93.0,-335.0,sp,ids,2
7967,Trevor3,i,653,1097,2589,40.0,-375.0,-430.0,-77.0,-8.0,-1004.0,-69.0,sp,ids,2
7968,Trevor3,a,753,2022,2690,100.0,-39.0,3.0,110.0,82.0,-88.0,-578.0,sp,ids,2
7971,Trevor3,a,833,1319,2714,90.0,4.0,234.0,98.0,104.0,266.0,85.0,sp,ids,2
7973,Trevor3,a,916,1844,3101,170.0,-60.0,22.0,-436.0,-216.0,684.0,988.0,sp,ids,2
7974,Trevor3,i,507,648,2672,90.0,18.0,1971.0,942.0,-73.0,-1795.0,-69.0,sp,ids,0
7975,Trevor3,a,836,1976,2749,90.0,-118.0,109.0,-59.0,9.0,-59.0,-150.0,sp,ids,2
7977,Trevor3,a,827,1499,2461,70.0,-10.0,-7.0,235.0,180.0,347.0,-21.0,sp,ids,2
7978,Trevor3,a,910,1718,2634,120.0,-57.0,-181.0,-105.0,100.0,62.0,-166.0,sp,ids,1
7982,Trevor3,a,798,1545,2844,80.0,-40.0,12.0,57.0,-75.0,129.0,542.0,sp,ids,2
7985,Trevor3,a,903,1550,2504,100.0,-129.0,215.0,-701.0,-31.0,-410.0,-977.0,sp,ids,2
7987,Trevor3,a,972,1784,2631,120.0,-148.0,-42.0,-61.0,59.0,57.0,688.0,sp,ids,2
7989,Trevor3,i,490,1076,2746,120.0,139.0,-107.0,-184.0,25.0,-958.0,-271.0,sp,ids,0
7990,Trevor3,i,946,2547,3104,30.0,-77.0,-203.0,-81.0,-56.0,-144.0,282.0,sp,ids,2
7991,Trevor3,a,1076,2233,2862,30.0,-95.0,-50.0,64.0,11.0,0.6,-161.0,sp,ids,1
7992,Trevor3,i,423,2639,3116,120.0,-57.0,-480.0,-46.0,-26.0,214.0,110.0,sp,ids,3
7993,Trevor3,a,846,2035,2921,110.0,-55.0,42.0,47.0,51.0,74.0,901.0,sp,ids,2
7994,Trevor3,a,719,1678,2833,30.0,1.0,2.0,-16.0,25.0,-10.0,105.0,sp,ids,2
7995,Trevor3,a,857,1708,2682,63.579,-12.0,342.0,597.0,-134.0,16.0,-53.0,sp,ids,2
7996,Trevor3,i,657,2056,2899,104.428,-133.0,-247.0,58.0,73.0,128.0,-12.0,sp,ids,3
7997,Trevor3,a,830,1655,1858,110.0,-3.0,348.0,1215.0,25.0,-78.0,-1302.0,sp,ids,2
8001,Trevor3,a,1014,1964,2823,110.0,-194.0,-207.0,-126.0,-116.0,-73.0,-425.0,sp,ids,2
8002,Trevor3,a,901,1792,2653,140.0,39.0,-94.0,-68.0,132.0,77.0,34.0,sp,ids,2
8004,Trevor3,a,712,2028,3015,70.0,-36.0,-42.0,70.0,24.0,197.0,82.0,sp,ids,1
8011,Trevor3,a,808,1710,2667,90.0,-57.0,-243.0,-722.0,136.0,438.0,68.0,sp,ids,2
8013,Trevor3,a,879,1768,3007,124.938,-52.0,-124.0,-1138.0,37.0,344.0,1018.0,sp,ids,2
8015,Trevor3,a,887,1788,2496,30.0,258.0,55.0,734.0,-84.0,-304.0,-572.0,sp,ids,2
8016,Trevor3,i,658,2586,2779,40.0,-106.0,-214.0,-7.0,64.0,253.0,-18.0,sp,ids,3
8017,Trevor3,i,937,1882,3095,70.0,-493.0,418.0,-128.0,470.0,-56.0,209.0,sp,ids,2
8018,Trevor3,a,799,2089,2871,40.0,-62.0,-18.0,6.0,-26.0,88.0,44.0,sp,ids,1
8019,Trevor3,i,995,2646,3006,52.724,-894.0,-1267.0,-103.0,48.0,66.0,-300.0,sp,ids,1
8020,Trevor3,a,859,1861,2814,77.536,-29.0,154.0,-27.0,-24.0,-139.0,-44.0,sp,ids,2
8045,Trevor3,a,929,1801,2797,170.0,-163.0,-165.0,-121.0,77.0,-79.0,269.0,sp,ids,2
8049,Trevor3,a,755,1769,2735,70.0,6.0,27.0,-187.0,211.0,-40.0,14.0,sp,ids,2
8051,Trevor3,a,984,1842,2521,170.0,-100.0,-68.0,89.0,142.0,117.0,-220.0,sp,ids,2
