Speaker,Gender,Vowel,Duration,f0,F1,F2
1,m,ae,323,174,663,2012
2,m,ae,250,102,628,1871
3,m,ae,344,99,605,1812
4,m,ae,312,124,627,1910
6,m,ae,254,115,647,1864
7,m,ae,254,96,582,1999
8,m,ae,289,122,602,1880
9,m,ae,339,120,545,1872
10,m,ae,282,153,552,2027
11,m,ae,319,136,629,1871
13,m,ae,279,100,685,1807
14,m,ae,272,106,559,1983
16,m,ae,212,138,544,1819
17,m,ae,257,135,685,1592
18,m,ae,264,133,514,2031
19,m,ae,244,149,612,1937
20,m,ae,286,140,544,2114
21,m,ae,252,108,556,1854
22,m,ae,249,119,619,2023
23,m,ae,274,112,601,1997
24,m,ae,270,120,572,2072
25,m,ae,301,115,546,1820
26,m,ae,259,120,562,1895
27,m,ae,257,105,594,2000
28,m,ae,212,131,662,1934
29,m,ae,241,114,566,2041
30,m,ae,302,96,559,1873
31,m,ae,208,143,579,1982
32,m,ae,208,149,623,1937
33,m,ae,328,136,555,1996
34,m,ae,267,129,555,1849
35,m,ae,326,110,634,1730
36,m,ae,270,121,570,1856
37,m,ae,207,130,614,1768
38,m,ae,213,131,553,2140
39,m,ae,311,153,605,2002
40,m,ae,273,140,597,1989
41,m,ae,230,139,561,1772
42,m,ae,334,128,615,1885
44,m,ae,276,98,577,1952
45,m,ae,283,187,629,2436
47,m,ae,292,129,511,1811
48,m,ae,245,119,590,1830
49,m,ae,266,123,622,1957
50,m,ae,289,116,565,2055
51,w,ae,305,225,678,2293
52,w,ae,486,214,624,2442
53,w,ae,293,192,666,2370
54,w,ae,353,233,743,2230
55,w,ae,338,223,677,2320
56,w,ae,362,223,627,2266
57,w,ae,313,176,690,2327
58,w,ae,284,238,658,2650
59,w,ae,253,251,685,2299
60,w,ae,356,227,621,2249
61,w,ae,385,188,868,2004
62,w,ae,355,229,682,2486
63,w,ae,315,237,668,2252
64,w,ae,272,214,726,2350
65,w,ae,400,226,620,2316
66,w,ae,356,202,634,2596
67,w,ae,323,212,672,2145
69,w,ae,363,237,698,2339
70,w,ae,307,187,586,2299
71,w,ae,382,217,616,2156
72,w,ae,338,186,576,2429
73,w,ae,365,213,674,2256
74,w,ae,331,248,738,2378
75,w,ae,461,220,646,2406
76,w,ae,346,168,746,1944
77,w,ae,272,246,734,2518
78,w,ae,260,225,662,2276
79,w,ae,333,238,696,2447
80,w,ae,310,238,687,2378
81,w,ae,364,205,645,2154
82,w,ae,239,208,626,2374
83,w,ae,261,235,689,2701
84,w,ae,277,218,557,2586
85,w,ae,328,211,668,2296
86,w,ae,413,200,746,2371
87,w,ae,405,192,893,2070
88,w,ae,294,219,665,2408
89,w,ae,365,192,564,2442
90,w,ae,301,197,714,2254
91,w,ae,301,216,625,2594
92,w,ae,312,222,552,2227
94,w,ae,353,230,685,2205
95,w,ae,333,208,657,2192
96,w,ae,365,156,649,2508
97,w,ae,327,211,817,2102
98,w,ae,310,210,626,2331
99,w,ae,319,209,706,2400
100,w,ae,357,209,751,2432
1,b,ae,257,238,630,2423
2,b,ae,359,286,829,2495
3,b,ae,335,214,631,2801
4,b,ae,398,239,712,2608
5,b,ae,267,200,748,2589
7,b,ae,323,262,769,2203
8,b,ae,316,216,870,2281
9,b,ae,245,220,709,2565
10,b,ae,396,205,634,2555
11,b,ae,298,209,630,2509
12,b,ae,415,252,736,2505
13,b,ae,281,216,634,2535
14,b,ae,314,198,697,2418
15,b,ae,382,272,607,2620
16,b,ae,367,187,753,2227
17,b,ae,352,246,726,2231
18,b,ae,307,249,741,2444
19,b,ae,312,209,674,2663
21,b,ae,352,205,769,2234
22,b,ae,256,229,678,2524
23,b,ae,346,267,809,2592
24,b,ae,216,206,545,2690
25,b,ae,284,223,669,2440
26,b,ae,451,220,643,2434
27,b,ae,243,211,634,2410
28,b,ae,284,227,676,2253
29,b,ae,291,212,860,2503
1,g,ae,295,242,741,2433
2,g,ae,283,196,729,2878
4,g,ae,385,255,932,2523
5,g,ae,456,227,682,2638
6,g,ae,292,222,799,2397
7,g,ae,341,242,722,2418
8,g,ae,384,266,695,2704
9,g,ae,382,265,758,2373
10,g,ae,311,237,946,2540
11,g,ae,353,230,648,2334
12,g,ae,322,240,730,2668
13,g,ae,301,251,752,2501
14,g,ae,306,194,717,2313
15,g,ae,354,226,888,2605
17,g,ae,308,208,727,2394
18,g,ae,317,219,591,2632
19,g,ae,238,248,747,2703
20,g,ae,290,227,672,2484
21,g,ae,250,227,555,2569
1,m,ah,316,159,813,1283
2,m,ah,249,101,749,1060
3,m,ah,373,97,755,1133
4,m,ah,302,127,832,1222
6,m,ah,230,112,871,1204
7,m,ah,265,98,786,1341
8,m,ah,302,115,748,1293
9,m,ah,330,122,738,1394
10,m,ah,271,152,763,1147
11,m,ah,321,148,829,1444
13,m,ah,256,104,825,1429
14,m,ah,278,100,737,1298
16,m,ah,192,145,679,1208
17,m,ah,243,132,689,1064
18,m,ah,342,135,702,1364
19,m,ah,269,148,811,1355
20,m,ah,272,135,744,1489
21,m,ah,206,114,758,1363
22,m,ah,287,115,784,1345
23,m,ah,278,107,802,1297
24,m,ah,258,131,803,1234
25,m,ah,256,116,683,1238
26,m,ah,271,124,697,1370
27,m,ah,212,106,743,1423
28,m,ah,154,173,710,1084
29,m,ah,220,123,825,1438
30,m,ah,290,101,673,1301
31,m,ah,184,160,707,1421
32,m,ah,216,146,697,1293
33,m,ah,272,135,816,1361
34,m,ah,250,115,722,1411
35,m,ah,269,109,748,1274
36,m,ah,252,116,744,1388
37,m,ah,219,127,700,1295
38,m,ah,192,148,705,1323
39,m,ah,287,139,963,1524
40,m,ah,254,126,711,1428
41,m,ah,213,138,712,1325
42,m,ah,292,140,821,1283
44,m,ah,286,101,822,1315
45,m,ah,285,180,753,1200
47,m,ah,301,120,662,1183
48,m,ah,207,122,682,1259
49,m,ah,270,124,818,1315
50,m,ah,250,110,710,1483
51,w,ah,265,211,1012,1603
52,w,ah,443,209,883,1682
53,w,ah,257,192,1025,1548
54,w,ah,350,216,804,1484
55,w,ah,365,226,935,1377
56,w,ah,329,211,804,1363
57,w,ah,306,173,939,1233
58,w,ah,317,243,827,1701
59,w,ah,282,240,913,1436
60,w,ah,367,223,856,1540
61,w,ah,380,191,882,1380
62,w,ah,343,216,887,1743
63,w,ah,329,226,869,1495
64,w,ah,275,211,994,1609
65,w,ah,340,226,955,1615
66,w,ah,305,189,1085,1687
67,w,ah,267,205,937,1623
69,w,ah,316,239,918,1640
70,w,ah,365,193,818,1351
71,w,ah,402,216,769,1451
72,w,ah,350,178,1008,1495
73,w,ah,329,207,905,1514
74,w,ah,303,259,1063,1680
75,w,ah,430,212,1053,1677
76,w,ah,333,170,798,1351
77,w,ah,284,250,869,1751
78,w,ah,217,235,863,1538
79,w,ah,303,248,938,1462
80,w,ah,293,232,957,1591
81,w,ah,315,202,827,1543
82,w,ah,240,213,708,1547
83,w,ah,283,241,1163,1685
84,w,ah,247,211,1011,1541
85,w,ah,310,201,1035,1486
86,w,ah,455,208,952,1676
87,w,ah,419,175,810,1314
88,w,ah,336,217,993,1671
89,w,ah,338,212,931,1348
90,w,ah,297,198,822,1371
91,w,ah,298,200,875,1491
92,w,ah,268,226,884,1568
94,w,ah,340,212,938,1492
95,w,ah,312,195,914,1383
96,w,ah,334,150,901,1509
97,w,ah,302,207,975,1534
98,w,ah,346,218,796,1502
99,w,ah,326,224,1145,0
100,w,ah,357,234,968,1433
1,b,ah,212,241,831,1676
2,b,ah,328,276,1020,1555
3,b,ah,298,214,982,1823
4,b,ah,357,250,932,1874
5,b,ah,270,227,1052,1659
7,b,ah,294,308,881,1543
8,b,ah,340,202,762,1604
9,b,ah,285,230,987,1610
10,b,ah,413,209,1123,1640
11,b,ah,282,203,832,1602
12,b,ah,425,258,968,1808
13,b,ah,273,211,933,1694
14,b,ah,263,201,998,1560
15,b,ah,340,287,871,2042
16,b,ah,364,187,859,0
17,b,ah,327,245,898,1544
18,b,ah,281,254,1010,1705
19,b,ah,292,218,951,1982
21,b,ah,363,226,1010,1604
22,b,ah,350,263,854,1518
23,b,ah,292,277,1119,1588
24,b,ah,238,228,1205,0
25,b,ah,295,220,872,1565
26,b,ah,314,210,776,1490
27,b,ah,270,223,1147,1553
28,b,ah,271,221,1065,1483
29,b,ah,285,227,944,1540
1,g,ah,276,238,894,1420
2,g,ah,298,208,1312,1820
4,g,ah,324,246,1007,1742
5,g,ah,375,204,978,1817
6,g,ah,275,225,1026,1544
7,g,ah,384,227,843,1803
8,g,ah,407,249,993,2000
9,g,ah,321,245,1197,1734
10,g,ah,282,218,855,1845
11,g,ah,298,240,1047,1488
12,g,ah,317,200,1154,1932
13,g,ah,334,241,931,1749
14,g,ah,308,189,954,1472
15,g,ah,299,233,1316,1752
17,g,ah,304,248,911,1624
18,g,ah,416,214,1033,1929
19,g,ah,220,235,1129,2005
20,g,ah,259,234,1145,1655
21,g,ah,186,215,1021,1720
1,m,aw,330,177,699,996
2,m,aw,289,106,644,856
3,m,aw,355,93,647,926
4,m,aw,347,131,694,970
6,m,aw,250,115,740,999
7,m,aw,292,96,642,949
8,m,aw,294,120,651,1033
9,m,aw,342,123,620,1068
10,m,aw,296,151,637,923
11,m,aw,363,162,695,1108
13,m,aw,283,104,664,1024
14,m,aw,248,108,664,1043
16,m,aw,223,142,628,1069
17,m,aw,278,142,634,987
18,m,aw,320,146,662,1001
19,m,aw,274,154,653,1020
20,m,aw,287,138,648,1013
21,m,aw,253,107,631,1019
22,m,aw,316,120,688,1139
23,m,aw,292,111,696,983
24,m,aw,248,127,691,1111
25,m,aw,249,109,587,941
26,m,aw,282,111,636,978
27,m,aw,171,103,686,1064
28,m,aw,222,122,681,1060
29,m,aw,226,117,720,1063
30,m,aw,344,92,619,1012
31,m,aw,196,155,640,1149
32,m,aw,195,144,633,995
33,m,aw,268,133,649,1048
34,m,aw,239,116,623,1012
35,m,aw,304,106,645,1049
36,m,aw,300,112,645,1063
37,m,aw,202,130,606,991
38,m,aw,229,142,636,1108
39,m,aw,196,124,670,919
40,m,aw,281,131,631,1167
41,m,aw,249,134,687,1062
42,m,aw,328,131,684,1000
44,m,aw,301,100,684,1001
45,m,aw,293,184,704,1052
47,m,aw,300,121,591,974
48,m,aw,242,118,611,1067
49,m,aw,293,121,643,931
50,m,aw,277,109,679,1102
51,w,aw,305,218,815,1200
52,w,aw,464,211,760,1225
53,w,aw,326,186,772,1051
54,w,aw,379,203,770,1245
55,w,aw,363,231,923,1368
56,w,aw,363,212,778,1220
57,w,aw,314,167,809,1097
58,w,aw,320,242,815,1426
59,w,aw,309,241,890,1063
60,w,aw,416,225,771,1170
61,w,aw,380,197,755,1114
62,w,aw,397,227,930,1422
63,w,aw,363,234,697,1142
64,w,aw,266,223,748,1063
65,w,aw,394,229,827,1189
66,w,aw,342,201,847,1192
67,w,aw,341,211,794,1185
69,w,aw,327,241,848,1175
70,w,aw,344,185,713,1132
71,w,aw,465,226,698,1127
72,w,aw,318,191,736,1120
73,w,aw,362,209,835,1326
74,w,aw,366,247,907,1527
75,w,aw,414,205,811,1254
76,w,aw,378,180,656,1075
77,w,aw,284,244,890,1292
78,w,aw,262,217,860,1504
79,w,aw,327,212,740,1037
80,w,aw,319,233,867,1207
81,w,aw,384,194,776,1324
82,w,aw,287,226,699,1104
83,w,aw,328,241,906,1386
84,w,aw,253,210,814,1144
85,w,aw,331,207,801,1187
86,w,aw,422,213,822,1177
87,w,aw,413,196,851,1105
88,w,aw,327,219,825,1213
89,w,aw,369,211,752,1101
90,w,aw,303,200,765,997
91,w,aw,332,198,957,0
92,w,aw,387,237,799,1146
94,w,aw,390,222,715,963
95,w,aw,351,196,790,1044
96,w,aw,396,162,850,1182
97,w,aw,310,206,813,1117
98,w,aw,355,221,736,1098
99,w,aw,318,219,677,1054
100,w,aw,361,246,995,1359
1,b,aw,242,247,725,1384
2,b,aw,327,263,802,1287
3,b,aw,334,207,805,1299
4,b,aw,304,244,817,1329
5,b,aw,236,199,780,1236
7,b,aw,378,301,891,1383
8,b,aw,353,207,610,993
9,b,aw,313,238,845,1111
10,b,aw,316,208,695,1288
11,b,aw,331,194,761,1310
12,b,aw,369,251,985,1630
13,b,aw,322,210,875,1402
14,b,aw,243,206,950,1246
15,b,aw,312,258,750,1251
16,b,aw,367,201,819,1074
17,b,aw,315,264,744,1093
18,b,aw,269,249,808,1467
19,b,aw,294,222,820,1356
21,b,aw,376,240,831,0
22,b,aw,384,249,746,1309
23,b,aw,313,268,765,1067
24,b,aw,196,203,770,1010
25,b,aw,340,213,839,1240
26,b,aw,362,220,635,1163
27,b,aw,250,215,792,1268
28,b,aw,267,216,640,929
29,b,aw,305,214,941,1409
1,g,aw,349,240,867,1292
2,g,aw,249,217,875,1501
4,g,aw,430,244,885,1415
5,g,aw,368,210,882,1309
6,g,aw,300,224,888,1266
7,g,aw,342,233,697,1358
8,g,aw,377,270,787,1234
9,g,aw,425,301,932,1445
10,g,aw,285,226,893,1563
11,g,aw,380,232,898,1359
12,g,aw,323,241,952,1665
13,g,aw,339,234,823,1356
14,g,aw,332,214,854,1109
15,g,aw,360,239,894,1366
17,g,aw,291,233,757,1242
18,g,aw,441,215,1062,0
19,g,aw,218,221,1090,1465
20,g,aw,274,246,998,1368
21,g,aw,259,218,1001,1488
1,m,eh,266,171,609,1980
2,m,eh,167,103,517,1917
3,m,eh,284,95,559,1695
4,m,eh,229,127,698,1580
6,m,eh,177,115,555,1851
7,m,eh,197,104,571,1926
8,m,eh,239,126,582,1768
9,m,eh,239,120,560,1697
10,m,eh,186,154,594,1716
11,m,eh,261,146,569,1709
13,m,eh,203,99,577,1811
14,m,eh,231,110,570,1824
16,m,eh,156,144,546,1750
17,m,eh,181,138,554,1790
18,m,eh,170,131,608,1831
19,m,eh,185,151,562,1816
20,m,eh,199,137,583,1757
21,m,eh,138,128,615,1624
22,m,eh,184,122,630,1786
23,m,eh,227,111,629,1810
24,m,eh,153,119,624,1909
25,m,eh,190,109,559,1755
26,m,eh,207,114,609,1675
27,m,eh,215,104,634,1874
28,m,eh,125,128,636,1893
29,m,eh,177,118,620,1832
30,m,eh,197,98,565,1805
31,m,eh,146,146,571,1752
32,m,eh,166,149,608,1871
33,m,eh,205,131,567,1718
34,m,eh,185,121,541,1743
35,m,eh,244,112,543,1840
36,m,eh,217,114,579,1866
37,m,eh,139,130,568,1687
38,m,eh,158,135,583,1760
39,m,eh,201,150,641,1814
40,m,eh,204,138,623,1937
41,m,eh,188,137,562,1591
42,m,eh,207,161,622,1799
44,m,eh,200,98,561,1786
45,m,eh,200,187,723,2208
47,m,eh,209,127,534,1608
48,m,eh,198,124,574,1813
49,m,eh,172,114,557,1996
50,m,eh,178,115,565,1952
51,w,eh,217,228,734,1893
52,w,eh,432,197,740,2186
53,w,eh,202,218,707,2110
54,w,eh,315,216,693,1991
55,w,eh,260,233,743,1981
56,w,eh,280,211,712,1881
57,w,eh,238,198,734,2141
58,w,eh,199,244,732,2189
59,w,eh,233,246,710,2138
60,w,eh,271,227,704,2023
61,w,eh,317,195,766,1922
62,w,eh,234,210,673,2389
63,w,eh,231,214,651,2157
64,w,eh,241,226,817,2242
65,w,eh,217,222,684,1992
66,w,eh,253,197,756,2008
67,w,eh,188,216,750,1935
69,w,eh,317,238,706,1986
70,w,eh,263,173,717,2256
71,w,eh,281,233,727,1871
72,w,eh,239,180,584,2175
73,w,eh,294,210,762,1902
74,w,eh,231,251,981,2075
75,w,eh,386,211,794,2046
76,w,eh,183,195,620,2071
77,w,eh,236,244,741,1997
78,w,eh,177,223,693,2012
79,w,eh,193,203,597,2426
80,w,eh,221,244,886,2186
81,w,eh,248,214,588,2130
82,w,eh,191,189,755,1762
83,w,eh,194,236,885,2322
84,w,eh,179,214,804,1998
85,w,eh,223,202,718,2005
86,w,eh,368,205,773,2042
87,w,eh,343,191,694,2160
88,w,eh,268,210,680,2068
89,w,eh,259,193,694,2052
90,w,eh,237,185,726,2123
91,w,eh,203,217,714,2255
92,w,eh,250,209,623,1882
94,w,eh,255,221,718,1952
95,w,eh,247,198,758,2091
96,w,eh,284,168,676,2196
97,w,eh,244,217,770,1866
98,w,eh,244,213,683,1851
99,w,eh,221,222,709,2088
100,w,eh,270,219,817,1984
1,b,eh,184,214,713,2095
2,b,eh,195,284,674,2196
3,b,eh,260,191,735,2315
4,b,eh,364,245,735,2448
5,b,eh,207,219,787,2176
7,b,eh,272,297,867,2054
8,b,eh,135,205,605,2445
9,b,eh,193,238,699,2202
10,b,eh,234,218,646,2435
11,b,eh,282,214,794,2066
12,b,eh,363,249,742,2355
13,b,eh,258,227,640,2244
14,b,eh,168,200,806,2172
15,b,eh,312,279,734,2242
16,b,eh,291,202,616,2356
17,b,eh,189,241,749,1869
18,b,eh,195,241,710,1993
19,b,eh,227,203,632,2431
21,b,eh,274,204,642,2015
22,b,eh,212,242,699,2169
23,b,eh,238,270,1057,2426
24,b,eh,165,212,744,2227
25,b,eh,215,232,692,2354
26,b,eh,331,217,668,2106
27,b,eh,192,231,699,2194
28,b,eh,210,221,680,2187
29,b,eh,212,231,856,2304
1,g,eh,202,227,653,2241
2,g,eh,218,188,928,2254
4,g,eh,277,245,802,2427
5,g,eh,328,226,809,2265
6,g,eh,174,222,660,2223
7,g,eh,284,230,649,2268
8,g,eh,294,244,741,2418
9,g,eh,292,238,763,2393
10,g,eh,278,227,816,2404
11,g,eh,227,226,793,2228
12,g,eh,250,236,762,2349
13,g,eh,250,263,759,2488
14,g,eh,297,211,621,2275
15,g,eh,266,226,880,2638
17,g,eh,204,249,755,2137
18,g,eh,258,205,533,2480
19,g,eh,222,229,868,2318
20,g,eh,228,228,882,2524
21,g,eh,227,230,733,2421
1,m,ei,319,166,494,2113
2,m,ei,261,105,438,2196
3,m,ei,353,91,438,2026
4,m,ei,253,134,493,2102
6,m,ei,241,120,497,2024
7,m,ei,281,100,555,2174
8,m,ei,328,133,529,1974
9,m,ei,318,122,446,1918
10,m,ei,273,151,439,2067
11,m,ei,360,141,433,2082
13,m,ei,243,95,439,2126
14,m,ei,256,109,495,2166
16,m,ei,218,143,482,1904
17,m,ei,259,148,435,2013
18,m,ei,338,151,445,2268
19,m,ei,246,156,492,2195
20,m,ei,237,141,535,2004
21,m,ei,196,126,382,2035
22,m,ei,251,121,499,2068
23,m,ei,311,116,477,2110
24,m,ei,274,131,529,2114
25,m,ei,267,112,494,1962
26,m,ei,262,113,504,1878
27,m,ei,252,115,472,2141
28,m,ei,231,124,490,2187
29,m,ei,211,139,393,2305
30,m,ei,338,94,374,2436
31,m,ei,239,158,444,2121
32,m,ei,219,148,500,2159
33,m,ei,311,142,480,2100
34,m,ei,261,116,469,2035
35,m,ei,312,108,438,2003
36,m,ei,269,121,478,2049
37,m,ei,193,140,497,1903
38,m,ei,255,155,477,2073
39,m,ei,286,151,440,2245
40,m,ei,230,142,502,2025
41,m,ei,217,139,501,1944
42,m,ei,319,138,549,1921
44,m,ei,269,101,497,2083
45,m,ei,255,181,537,2493
47,m,ei,282,123,482,1804
48,m,ei,247,120,501,2042
49,m,ei,229,138,441,2348
50,m,ei,256,109,492,2108
51,w,ei,239,227,539,2476
52,w,ei,453,220,477,2704
53,w,ei,263,208,672,2457
54,w,ei,437,226,601,2577
55,w,ei,302,241,487,2600
56,w,ei,318,214,492,2437
57,w,ei,330,186,553,2458
58,w,ei,274,238,496,2665
59,w,ei,222,265,505,2777
60,w,ei,347,220,455,2433
61,w,ei,413,214,574,2316
62,w,ei,329,238,502,2674
63,w,ei,318,236,647,2539
64,w,ei,230,206,596,2478
65,w,ei,325,244,500,2482
66,w,ei,336,207,617,2697
67,w,ei,261,210,558,2505
69,w,ei,334,244,572,2428
70,w,ei,305,203,574,2360
71,w,ei,346,238,498,2218
72,w,ei,269,166,511,2574
73,w,ei,342,211,513,2435
74,w,ei,349,263,617,2668
75,w,ei,399,212,610,2598
76,w,ei,420,171,485,2423
77,w,ei,284,243,578,2474
78,w,ei,231,234,507,2573
79,w,ei,280,246,504,2501
80,w,ei,313,245,494,2680
81,w,ei,338,212,487,2408
82,w,ei,277,215,547,2262
83,w,ei,296,247,500,2889
84,w,ei,267,211,433,2773
85,w,ei,314,215,591,2562
86,w,ei,402,211,596,2314
87,w,ei,367,193,500,2622
88,w,ei,310,224,645,2554
89,w,ei,344,198,434,2568
90,w,ei,296,202,543,2399
91,w,ei,298,214,555,2766
92,w,ei,343,232,484,2276
94,w,ei,300,217,442,2464
95,w,ei,319,205,606,2438
96,w,ei,377,160,485,2619
97,w,ei,313,218,472,2616
98,w,ei,309,224,546,2237
99,w,ei,305,214,439,2801
100,w,ei,361,252,664,2455
1,b,ei,222,230,534,2690
2,b,ei,324,277,556,2482
3,b,ei,286,201,608,2836
4,b,ei,323,252,574,2490
5,b,ei,247,215,611,2761
7,b,ei,361,320,629,2663
8,b,ei,285,223,606,2396
9,b,ei,258,235,555,2377
10,b,ei,314,197,580,2754
11,b,ei,309,210,571,2586
12,b,ei,357,260,554,2620
13,b,ei,280,242,532,2673
14,b,ei,260,203,436,2658
15,b,ei,382,262,558,2643
16,b,ei,346,193,564,2523
17,b,ei,245,250,499,2356
18,b,ei,265,257,621,2476
19,b,ei,285,222,652,2661
21,b,ei,465,232,463,2745
22,b,ei,322,250,558,2559
23,b,ei,336,271,586,2720
24,b,ei,199,212,613,2593
25,b,ei,294,219,441,2585
26,b,ei,426,233,654,2549
27,b,ei,293,239,494,2823
28,b,ei,309,239,510,2438
29,b,ei,289,236,655,2772
1,g,ei,320,243,496,2670
2,g,ei,286,211,648,2788
4,g,ei,350,266,561,2663
5,g,ei,321,220,638,2553
6,g,ei,261,225,542,2755
7,g,ei,421,242,544,2444
8,g,ei,438,257,513,2881
9,g,ei,364,258,536,2859
10,g,ei,310,236,740,2651
11,g,ei,315,240,494,2676
12,g,ei,293,262,594,2733
13,g,ei,345,258,550,2780
14,g,ei,351,222,564,2455
15,g,ei,386,237,497,2804
17,g,ei,280,258,575,2502
18,g,ei,325,209,570,3256
19,g,ei,223,234,618,2752
20,g,ei,294,249,540,2687
21,g,ei,259,235,558,2533
1,m,er,324,175,506,1418
2,m,er,296,111,457,1406
3,m,er,368,94,479,1252
4,m,er,332,134,460,1473
6,m,er,217,117,489,1338
7,m,er,272,96,493,1270
8,m,er,282,131,501,1334
9,m,er,342,137,466,1377
10,m,er,249,154,459,1367
11,m,er,340,140,438,1387
13,m,er,268,110,439,1220
14,m,er,287,106,506,1464
16,m,er,204,147,439,1387
17,m,er,256,140,429,1389
18,m,er,298,139,504,1386
19,m,er,243,154,505,1330
20,m,er,356,156,457,1437
21,m,er,185,122,463,1371
22,m,er,256,120,491,1455
23,m,er,274,117,504,1173
24,m,er,258,134,513,1342
25,m,er,260,116,474,1505
26,m,er,252,121,505,1450
27,m,er,231,116,442,1517
28,m,er,201,140,496,1500
29,m,er,206,118,453,1432
30,m,er,310,103,430,1294
31,m,er,210,146,435,1289
32,m,er,202,151,491,1370
33,m,er,270,129,477,1376
34,m,er,252,115,447,1400
35,m,er,271,112,440,1447
36,m,er,290,119,493,1428
37,m,er,212,130,478,1440
38,m,er,206,142,451,1314
39,m,er,260,138,467,1432
40,m,er,266,127,505,1447
41,m,er,214,150,461,1297
42,m,er,326,143,557,1344
44,m,er,252,105,491,1300
45,m,er,255,196,486,1372
47,m,er,259,133,443,1262
48,m,er,248,116,489,1493
49,m,er,238,156,444,1377
50,m,er,258,123,516,1399
51,w,er,300,224,470,1437
52,w,er,418,218,500,1441
53,w,er,278,182,523,1413
54,w,er,350,216,619,1716
55,w,er,317,242,494,1485
56,w,er,342,225,527,1636
57,w,er,320,174,518,1604
58,w,er,272,250,516,1983
59,w,er,261,248,503,1480
60,w,er,342,230,495,1596
61,w,er,389,195,567,1496
62,w,er,348,219,501,1555
63,w,er,275,244,531,1688
64,w,er,267,225,506,1604
65,w,er,355,234,484,1652
66,w,er,295,219,597,1588
67,w,er,308,212,491,1506
69,w,er,319,246,524,1547
70,w,er,325,175,508,1562
71,w,er,370,224,469,1499
72,w,er,279,173,505,1568
73,w,er,345,212,508,1687
74,w,er,327,262,538,1813
75,w,er,403,215,617,1565
76,w,er,340,184,522,1490
77,w,er,242,257,507,1749
78,w,er,223,238,514,1831
79,w,er,311,264,580,1407
80,w,er,332,246,557,1546
81,w,er,335,184,555,1491
82,w,er,272,212,588,1509
83,w,er,345,252,549,1749
84,w,er,240,214,461,1534
85,w,er,300,218,537,1509
86,w,er,438,206,492,1635
87,w,er,371,198,455,1769
88,w,er,303,230,656,1614
89,w,er,340,189,509,1365
90,w,er,304,207,584,1486
91,w,er,262,208,491,1655
92,w,er,331,240,482,1676
94,w,er,319,237,487,1434
95,w,er,310,204,537,1638
96,w,er,382,166,500,1637
97,w,er,327,211,456,1615
98,w,er,346,231,604,1441
99,w,er,301,176,513,1569
100,w,er,356,224,503,1766
1,b,er,227,240,608,1733
2,b,er,395,283,560,1687
3,b,er,280,199,622,1837
4,b,er,386,230,580,1990
5,b,er,228,224,573,1562
7,b,er,375,294,612,1645
8,b,er,261,208,477,1809
9,b,er,262,241,505,1691
10,b,er,326,220,620,1823
11,b,er,322,211,586,1681
12,b,er,366,263,523,1874
13,b,er,255,193,574,1751
14,b,er,283,213,619,1498
15,b,er,371,281,562,1682
16,b,er,334,200,591,1626
17,b,er,304,247,556,1741
18,b,er,304,272,559,1828
19,b,er,278,217,571,1984
21,b,er,378,247,495,1555
22,b,er,336,259,678,1594
23,b,er,332,246,614,1867
24,b,er,270,248,568,1512
25,b,er,277,227,488,1584
26,b,er,347,224,479,1579
27,b,er,251,211,615,1742
28,b,er,263,220,457,1570
29,b,er,390,250,614,1733
1,g,er,297,228,556,1687
2,g,er,258,223,620,1750
4,g,er,359,285,564,2003
5,g,er,348,223,601,1791
6,g,er,299,224,632,1689
7,g,er,365,237,585,1694
8,g,er,346,260,540,1571
9,g,er,413,286,573,1748
10,g,er,320,212,631,1722
11,g,er,296,233,671,1556
12,g,er,270,253,627,1780
13,g,er,288,273,561,1692
14,g,er,312,215,603,1663
15,g,er,331,248,707,1706
17,g,er,269,225,667,1688
18,g,er,287,219,611,2033
19,g,er,197,236,670,1899
20,g,er,286,230,627,1628
21,g,er,262,225,620,1689
1,m,ih,268,179,370,2161
2,m,ih,183,111,384,2039
3,m,ih,262,101,411,1932
4,m,ih,227,135,441,2045
6,m,ih,159,115,441,2080
7,m,ih,190,108,363,2269
8,m,ih,235,131,390,1948
9,m,ih,221,132,385,1843
10,m,ih,186,153,440,1954
11,m,ih,301,163,470,1959
13,m,ih,164,109,411,2034
14,m,ih,249,121,444,2154
16,m,ih,134,145,424,1913
17,m,ih,169,145,419,2076
18,m,ih,179,142,491,1958
19,m,ih,194,159,486,2061
20,m,ih,221,139,433,2012
21,m,ih,145,123,418,1964
22,m,ih,220,128,452,2062
23,m,ih,207,113,463,2018
24,m,ih,202,138,501,1971
25,m,ih,176,107,427,1974
26,m,ih,197,129,439,1951
27,m,ih,188,115,453,2013
28,m,ih,160,189,469,2128
29,m,ih,145,131,404,2107
30,m,ih,178,105,383,2167
31,m,ih,134,165,440,2119
32,m,ih,154,148,438,2049
33,m,ih,204,147,437,1960
34,m,ih,172,128,379,1942
35,m,ih,226,111,397,1985
36,m,ih,174,130,428,1999
37,m,ih,147,133,434,1872
38,m,ih,142,133,427,2140
39,m,ih,168,149,440,2082
40,m,ih,194,145,431,2071
41,m,ih,185,143,437,1915
42,m,ih,191,162,474,1956
44,m,ih,204,111,433,2012
45,m,ih,224,196,432,2494
47,m,ih,244,131,396,1810
48,m,ih,182,137,429,1962
49,m,ih,177,136,416,2296
50,m,ih,198,130,441,2068
51,w,ih,176,246,496,2260
52,w,ih,356,219,446,2444
53,w,ih,197,188,486,2332
54,w,ih,356,224,502,2391
55,w,ih,266,238,497,2379
56,w,ih,266,216,531,2174
57,w,ih,285,192,535,2380
58,w,ih,180,247,498,2654
59,w,ih,218,253,500,2272
60,w,ih,249,227,471,2277
61,w,ih,320,207,453,2427
62,w,ih,246,237,489,2603
63,w,ih,219,233,555,2216
64,w,ih,209,221,491,2316
65,w,ih,218,234,485,2129
66,w,ih,290,214,457,2590
67,w,ih,203,221,474,2362
69,w,ih,256,252,501,2355
70,w,ih,240,213,449,2173
71,w,ih,345,233,458,2143
72,w,ih,171,187,440,2394
73,w,ih,227,218,535,2134
74,w,ih,258,256,516,2567
75,w,ih,302,222,552,2453
76,w,ih,209,223,455,2304
77,w,ih,197,251,515,2378
78,w,ih,167,238,504,2334
79,w,ih,219,260,544,2570
80,w,ih,208,250,501,2449
81,w,ih,261,206,431,2190
82,w,ih,213,215,478,2157
83,w,ih,227,252,556,2541
84,w,ih,175,231,486,2454
85,w,ih,176,218,442,2472
86,w,ih,353,225,486,2253
87,w,ih,363,201,440,2453
88,w,ih,239,231,477,2554
89,w,ih,247,216,436,2559
90,w,ih,227,205,501,2292
91,w,ih,200,219,443,2644
92,w,ih,170,236,489,2175
94,w,ih,266,225,451,2247
95,w,ih,287,213,442,2316
96,w,ih,252,149,449,2492
97,w,ih,208,221,444,2237
98,w,ih,209,238,498,2234
99,w,ih,216,225,463,2603
100,w,ih,245,239,499,2384
1,b,ih,197,263,551,2393
2,b,ih,239,289,563,2608
3,b,ih,284,228,571,2689
4,b,ih,268,249,513,2447
5,b,ih,209,226,479,2449
7,b,ih,268,296,590,2354
8,b,ih,205,215,447,2784
9,b,ih,232,239,536,2319
10,b,ih,263,209,529,2649
11,b,ih,227,197,522,2387
12,b,ih,305,262,548,2592
13,b,ih,253,223,491,2409
14,b,ih,177,221,470,2505
15,b,ih,255,287,564,2515
16,b,ih,290,198,562,2549
17,b,ih,276,252,499,2230
18,b,ih,196,264,535,2190
19,b,ih,263,212,520,2695
21,b,ih,300,257,506,2432
22,b,ih,187,231,489,2544
23,b,ih,205,276,559,2753
24,b,ih,137,229,447,2645
25,b,ih,249,212,479,2492
26,b,ih,316,218,481,2567
27,b,ih,174,230,551,2362
28,b,ih,194,240,490,2449
29,b,ih,294,243,503,2433
1,g,ih,233,240,495,2574
2,g,ih,197,258,557,2634
4,g,ih,313,271,558,2427
5,g,ih,323,219,441,2728
6,g,ih,150,236,488,2623
7,g,ih,311,252,506,2432
8,g,ih,378,261,517,2619
9,g,ih,308,264,515,2828
10,g,ih,241,257,518,2870
11,g,ih,250,226,499,2437
12,g,ih,240,242,533,2762
13,g,ih,273,257,508,2642
14,g,ih,311,216,435,2623
15,g,ih,337,244,497,2684
17,g,ih,212,243,504,2408
18,g,ih,267,212,557,2664
19,g,ih,168,236,550,2625
20,g,ih,220,234,489,2730
21,g,ih,170,226,444,2846
1,m,iy,339,172,328,2418
2,m,iy,236,108,305,2320
3,m,iy,315,96,331,2311
4,m,iy,240,134,353,2385
6,m,iy,241,122,367,2390
7,m,iy,259,101,346,2379
8,m,iy,298,164,312,2402
9,m,iy,341,129,355,2049
10,m,iy,223,163,320,2300
11,m,iy,323,160,315,2253
13,m,iy,229,106,327,2257
14,m,iy,256,106,329,2514
16,m,iy,179,142,311,2274
17,m,iy,261,165,322,2282
18,m,iy,273,143,364,2366
19,m,iy,232,160,350,2462
20,m,iy,263,161,314,2368
21,m,iy,153,129,328,2123
22,m,iy,251,127,372,2280
23,m,iy,265,121,367,2244
24,m,iy,241,133,381,2515
25,m,iy,268,119,352,2254
26,m,iy,271,115,323,2269
27,m,iy,218,117,338,2329
28,m,iy,194,175,368,2509
29,m,iy,161,132,309,2385
30,m,iy,282,107,307,2405
31,m,iy,202,158,312,2319
32,m,iy,205,166,327,2378
33,m,iy,254,159,314,2506
34,m,iy,200,130,365,2119
35,m,iy,268,113,327,2143
36,m,iy,219,135,362,2103
37,m,iy,195,137,392,2127
38,m,iy,187,145,308,2190
39,m,iy,235,184,373,2207
40,m,iy,231,154,343,2502
41,m,iy,221,141,394,2300
42,m,iy,286,157,373,2214
44,m,iy,291,100,312,2307
45,m,iy,234,216,420,2600
47,m,iy,228,159,315,2052
48,m,iy,216,130,366,2504
49,m,iy,246,133,370,2536
50,m,iy,228,114,354,2375
51,w,iy,232,234,441,2806
52,w,iy,380,222,435,2890
53,w,iy,289,192,380,2703
54,w,iy,364,215,428,2767
55,w,iy,305,249,346,2703
56,w,iy,332,221,439,2676
57,w,iy,281,200,394,2689
58,w,iy,297,264,493,2967
59,w,iy,246,266,442,2850
60,w,iy,324,239,477,2866
61,w,iy,433,203,408,2627
62,w,iy,359,223,435,2868
63,w,iy,336,229,438,2813
64,w,iy,261,225,440,2706
65,w,iy,321,259,455,2797
66,w,iy,278,227,443,2944
67,w,iy,240,210,429,2698
69,w,iy,302,247,492,2695
70,w,iy,287,195,382,2563
71,w,iy,353,223,434,2512
72,w,iy,304,214,435,2621
73,w,iy,307,219,433,2634
74,w,iy,334,272,531,2996
75,w,iy,346,237,467,3009
76,w,iy,336,177,375,2577
77,w,iy,250,252,497,2795
78,w,iy,222,246,495,2910
79,w,iy,284,275,508,2731
80,w,iy,306,233,452,2754
81,w,iy,316,237,461,2359
82,w,iy,261,216,433,2720
83,w,iy,257,268,505,2982
84,w,iy,236,220,434,2854
85,w,iy,276,215,426,2775
86,w,iy,324,220,424,2692
87,w,iy,396,201,380,2816
88,w,iy,276,223,439,2927
89,w,iy,338,210,430,2606
90,w,iy,271,198,383,2733
91,w,iy,263,229,438,2964
92,w,iy,376,250,427,2772
94,w,iy,368,226,437,2555
95,w,iy,326,217,431,2522
96,w,iy,316,155,331,3049
97,w,iy,336,230,440,2757
98,w,iy,279,255,489,2641
99,w,iy,290,243,419,2874
100,w,iy,314,231,437,2778
1,b,iy,237,277,554,3022
2,b,iy,317,287,344,3193
3,b,iy,277,219,441,3081
4,b,iy,318,260,509,2873
5,b,iy,242,244,475,3203
7,b,iy,310,307,488,3063
8,b,iy,241,220,434,3127
9,b,iy,296,251,501,2760
10,b,iy,266,222,424,3198
11,b,iy,254,207,429,2984
12,b,iy,349,262,516,3126
13,b,iy,234,239,476,2772
14,b,iy,327,203,421,3337
15,b,iy,329,259,446,3011
16,b,iy,324,207,428,3070
17,b,iy,331,259,493,2811
18,b,iy,269,285,504,2803
19,b,iy,288,228,442,3135
21,b,iy,398,247,427,2952
22,b,iy,325,260,475,2916
23,b,iy,277,293,366,3207
24,b,iy,205,213,424,3199
25,b,iy,309,239,382,2987
26,b,iy,342,218,441,3079
27,b,iy,241,239,410,2874
28,b,iy,268,240,361,2938
29,b,iy,269,255,366,3024
1,g,iy,314,222,389,3068
2,g,iy,248,246,498,3451
4,g,iy,324,294,463,3225
5,g,iy,305,239,475,3320
6,g,iy,230,250,478,2997
7,g,iy,386,250,457,2776
8,g,iy,390,263,507,3319
9,g,iy,399,294,503,3256
10,g,iy,292,222,456,3389
11,g,iy,282,238,465,2875
12,g,iy,304,212,436,3340
13,g,iy,396,278,464,3104
14,g,iy,320,220,432,2688
15,g,iy,357,251,477,3266
17,g,iy,266,273,466,3004
18,g,iy,343,222,436,3443
19,g,iy,193,237,479,3093
20,g,iy,243,232,469,3278
21,g,iy,258,238,472,3120
1,m,oa,369,169,509,989
2,m,oa,261,105,519,891
3,m,oa,417,96,496,863
4,m,oa,300,146,441,862
6,m,oa,263,114,524,1000
7,m,oa,266,94,515,1126
8,m,oa,285,125,500,868
9,m,oa,340,134,503,950
10,m,oa,269,153,476,1016
11,m,oa,374,149,496,867
13,m,oa,268,104,486,826
14,m,oa,269,107,491,1065
16,m,oa,214,142,434,862
17,m,oa,272,146,439,699
18,m,oa,337,138,454,745
19,m,oa,247,157,566,997
20,m,oa,319,133,534,1002
21,m,oa,204,127,499,859
22,m,oa,287,119,520,987
23,m,oa,279,117,461,801
24,m,oa,233,126,543,1009
25,m,oa,261,112,494,925
26,m,oa,275,107,436,865
27,m,oa,246,105,533,900
28,m,oa,213,130,530,1000
29,m,oa,238,118,509,896
30,m,oa,301,95,376,659
31,m,oa,175,150,457,870
32,m,oa,198,160,487,804
33,m,oa,260,138,502,879
34,m,oa,243,124,499,883
35,m,oa,317,114,465,969
36,m,oa,230,122,496,908
37,m,oa,211,142,437,861
38,m,oa,209,136,548,1067
39,m,oa,252,151,444,815
40,m,oa,256,134,522,911
41,m,oa,229,143,554,1005
42,m,oa,289,140,528,792
44,m,oa,282,106,555,1019
45,m,oa,247,181,552,924
47,m,oa,293,143,473,820
48,m,oa,232,133,499,927
49,m,oa,188,136,495,938
50,m,oa,251,119,601,1045
51,w,oa,302,234,557,1135
52,w,oa,422,212,432,1013
53,w,oa,274,176,624,1130
54,w,oa,410,225,627,1314
55,w,oa,376,224,443,879
56,w,oa,353,203,580,995
57,w,oa,262,196,621,1025
58,w,oa,304,253,506,1257
59,w,oa,257,252,538,998
60,w,oa,363,219,453,980
61,w,oa,372,196,597,1150
62,w,oa,319,233,688,1185
63,w,oa,315,236,631,1181
64,w,oa,264,216,636,1041
65,w,oa,357,226,449,924
66,w,oa,346,209,612,1026
67,w,oa,298,206,616,1034
69,w,oa,340,241,631,1185
70,w,oa,317,174,504,1047
71,w,oa,374,234,469,934
72,w,oa,334,181,578,1061
73,w,oa,345,201,560,987
74,w,oa,362,242,508,991
75,w,oa,443,213,658,1045
76,w,oa,378,167,498,970
77,w,oa,265,243,582,946
78,w,oa,225,240,613,1184
79,w,oa,285,274,636,981
80,w,oa,313,230,636,1096
81,w,oa,363,203,584,936
82,w,oa,239,217,499,1046
83,w,oa,277,247,504,990
84,w,oa,254,219,453,880
85,w,oa,309,210,641,1195
86,w,oa,340,217,620,1057
87,w,oa,406,195,563,1198
88,w,oa,296,221,632,1108
89,w,oa,353,204,430,820
90,w,oa,305,207,438,812
91,w,oa,288,226,450,889
92,w,oa,318,219,444,987
94,w,oa,347,212,435,862
95,w,oa,323,206,608,1007
96,w,oa,350,183,568,1112
97,w,oa,380,224,624,1109
98,w,oa,282,237,522,923
99,w,oa,315,206,444,803
100,w,oa,361,239,720,1277
1,b,oa,267,250,693,1235
2,b,oa,336,258,557,1106
3,b,oa,310,211,624,1456
4,b,oa,322,250,685,1128
5,b,oa,247,197,589,1050
7,b,oa,311,315,641,1243
8,b,oa,341,248,554,896
9,b,oa,210,237,516,1181
10,b,oa,316,209,623,1241
11,b,oa,270,198,591,1168
12,b,oa,403,261,716,0
13,b,oa,259,218,586,1217
14,b,oa,263,203,623,1044
15,b,oa,394,282,562,1051
16,b,oa,315,217,588,1063
17,b,oa,290,269,581,1115
18,b,oa,260,257,613,1236
19,b,oa,335,185,548,1062
21,b,oa,397,243,584,936
22,b,oa,370,257,588,1117
23,b,oa,314,274,557,1065
24,b,oa,216,212,615,0
25,b,oa,292,223,625,1100
26,b,oa,338,215,646,1244
27,b,oa,264,225,658,1272
28,b,oa,293,224,616,1047
29,b,oa,267,241,578,1122
1,g,oa,263,251,571,1243
2,g,oa,295,230,683,1038
4,g,oa,380,282,583,1352
5,g,oa,380,239,678,1306
6,g,oa,268,226,483,903
7,g,oa,442,241,492,927
8,g,oa,309,259,536,789
9,g,oa,423,275,561,1151
10,g,oa,338,238,630,1491
11,g,oa,363,232,455,923
12,g,oa,237,225,637,1142
13,g,oa,351,251,502,960
14,g,oa,330,240,499,992
15,g,oa,382,243,577,1217
17,g,oa,262,267,785,1551
18,g,oa,300,221,568,1096
19,g,oa,222,234,688,1197
20,g,oa,317,213,622,1223
21,g,oa,246,222,643,1262
1,m,oo,255,169,450,995
2,m,oo,174,112,424,992
3,m,oo,275,96,489,1059
4,m,oo,210,134,522,1123
6,m,oo,147,117,468,1115
7,m,oo,197,92,442,1176
8,m,oo,241,132,486,1116
9,m,oo,238,125,442,1205
10,m,oo,196,157,485,1086
11,m,oo,275,151,472,1296
13,m,oo,208,113,459,1036
14,m,oo,203,116,446,1298
16,m,oo,150,145,438,1177
17,m,oo,178,148,438,979
18,m,oo,166,158,481,1094
19,m,oo,222,163,499,1127
20,m,oo,237,144,438,1181
21,m,oo,147,119,451,1106
22,m,oo,173,124,470,1202
23,m,oo,204,121,503,1058
24,m,oo,210,131,504,1318
25,m,oo,216,111,507,1183
26,m,oo,208,116,492,1157
27,m,oo,173,113,487,994
28,m,oo,146,132,435,994
29,m,oo,188,124,491,1246
30,m,oo,191,109,430,1021
31,m,oo,111,156,463,1086
32,m,oo,134,160,500,1067
33,m,oo,180,141,495,1093
34,m,oo,160,125,442,1092
35,m,oo,230,106,466,1375
36,m,oo,185,120,496,1101
37,m,oo,159,132,497,1164
38,m,oo,153,146,436,1154
39,m,oo,196,151,498,1048
40,m,oo,168,142,435,1263
41,m,oo,176,151,468,1064
42,m,oo,227,128,510,1238
44,m,oo,220,112,409,965
45,m,oo,186,195,497,1107
47,m,oo,219,141,465,1087
48,m,oo,167,136,441,1181
49,m,oo,178,164,456,1002
50,m,oo,205,120,495,1106
51,w,oo,238,228,489,1357
52,w,oo,390,225,503,1332
53,w,oo,265,215,494,1102
54,w,oo,279,222,509,1323
55,w,oo,269,244,506,1188
56,w,oo,283,207,483,987
57,w,oo,227,182,563,1233
58,w,oo,210,254,546,1534
59,w,oo,209,247,500,1200
60,w,oo,253,231,491,1179
61,w,oo,332,200,575,1619
62,w,oo,289,225,502,1322
63,w,oo,227,240,552,1193
64,w,oo,227,224,499,1103
65,w,oo,240,248,501,1189
66,w,oo,273,219,562,1109
67,w,oo,202,232,492,1161
69,w,oo,332,249,505,1404
70,w,oo,301,233,500,1095
71,w,oo,370,242,496,1169
72,w,oo,270,203,458,1042
73,w,oo,208,231,617,1373
74,w,oo,245,262,559,1246
75,w,oo,331,228,509,1244
76,w,oo,171,195,490,1122
77,w,oo,167,262,616,1331
78,w,oo,181,242,521,1428
79,w,oo,205,285,570,1117
80,w,oo,216,254,532,1354
81,w,oo,245,228,482,1124
82,w,oo,183,205,541,1183
83,w,oo,187,244,615,1375
84,w,oo,187,232,579,1392
85,w,oo,203,236,552,1364
86,w,oo,328,214,449,1396
87,w,oo,333,228,464,1169
88,w,oo,251,258,552,1214
89,w,oo,236,187,486,1088
90,w,oo,233,205,516,1019
91,w,oo,217,226,444,1081
92,w,oo,246,240,497,1440
94,w,oo,242,224,499,1144
95,w,oo,239,224,480,1108
96,w,oo,265,177,520,1421
97,w,oo,231,237,498,1162
98,w,oo,239,255,519,1051
99,w,oo,217,256,509,1049
100,w,oo,273,236,553,1135
1,b,oo,184,247,553,1495
2,b,oo,253,292,570,1148
3,b,oo,247,200,574,1808
4,b,oo,343,251,558,1742
5,b,oo,197,218,543,1473
7,b,oo,281,305,624,1513
8,b,oo,200,218,469,1097
9,b,oo,222,237,615,1345
10,b,oo,259,214,613,1561
11,b,oo,271,213,593,1507
12,b,oo,325,268,588,1578
13,b,oo,244,227,626,1578
14,b,oo,179,212,494,1245
15,b,oo,329,291,570,1423
16,b,oo,261,202,615,1397
17,b,oo,247,263,508,1245
18,b,oo,189,236,563,1585
19,b,oo,294,252,578,1574
21,b,oo,270,221,531,1540
22,b,oo,232,237,627,1703
23,b,oo,206,277,561,1627
24,b,oo,169,237,493,1248
25,b,oo,254,238,512,1260
26,b,oo,303,227,546,1254
27,b,oo,174,211,622,1417
28,b,oo,213,239,492,1200
29,b,oo,221,233,684,1623
1,g,oo,224,243,499,1440
2,g,oo,206,228,639,1518
4,g,oo,367,271,564,1613
5,g,oo,375,225,504,1440
6,g,oo,234,254,545,1307
7,g,oo,186,249,507,1720
8,g,oo,292,271,585,1636
9,g,oo,284,294,595,1737
10,g,oo,268,229,667,1446
11,g,oo,310,219,627,1515
12,g,oo,214,259,571,1819
13,g,oo,269,279,563,1577
14,g,oo,314,245,498,1491
15,g,oo,298,233,597,1599
17,g,oo,188,236,643,1860
18,g,oo,211,217,556,1558
19,g,oo,155,237,682,1571
20,g,oo,241,239,512,1644
21,g,oo,179,243,575,1580
1,m,uh,292,171,670,1178
2,m,uh,173,105,642,998
3,m,uh,297,96,622,1075
4,m,uh,211,131,650,1036
6,m,uh,169,117,629,1146
7,m,uh,185,90,651,1176
8,m,uh,242,132,626,1159
9,m,uh,203,121,602,1336
10,m,uh,183,157,658,1410
11,m,uh,295,155,619,1241
13,m,uh,172,107,636,1153
14,m,uh,227,105,631,1133
16,m,uh,146,147,573,1152
17,m,uh,176,152,663,1166
18,m,uh,193,147,610,1168
19,m,uh,183,154,637,1295
20,m,uh,189,138,623,1163
21,m,uh,139,120,593,1254
22,m,uh,226,122,622,1155
23,m,uh,202,114,617,1071
24,m,uh,201,130,628,1223
25,m,uh,212,113,601,1214
26,m,uh,230,116,593,1213
27,m,uh,166,105,662,1166
28,m,uh,168,124,682,1192
29,m,uh,145,133,623,1207
30,m,uh,199,96,560,1118
31,m,uh,128,152,622,1285
32,m,uh,143,147,666,1135
33,m,uh,204,136,575,1130
34,m,uh,177,124,583,1187
35,m,uh,219,109,561,1343
36,m,uh,171,118,630,1328
37,m,uh,169,134,596,1053
38,m,uh,155,141,602,1176
39,m,uh,193,149,608,1167
40,m,uh,201,138,612,1317
41,m,uh,181,144,628,1172
42,m,uh,242,128,631,1241
44,m,uh,208,107,650,1154
45,m,uh,194,180,670,1061
47,m,uh,198,124,566,1040
48,m,uh,188,119,600,1182
49,m,uh,166,138,618,1228
50,m,uh,176,119,622,1163
51,w,uh,246,222,803,1501
52,w,uh,345,226,788,1547
53,w,uh,206,182,789,1291
54,w,uh,331,216,731,1552
55,w,uh,290,224,693,1381
56,w,uh,233,226,795,1362
57,w,uh,209,189,854,1401
58,w,uh,207,243,716,1634
59,w,uh,193,236,809,1391
60,w,uh,256,217,680,1499
61,w,uh,266,205,773,1614
62,w,uh,248,241,817,1604
63,w,uh,221,235,739,1320
64,w,uh,206,220,742,1352
65,w,uh,288,226,700,1338
66,w,uh,250,198,824,1459
67,w,uh,183,212,705,1166
69,w,uh,286,235,839,1555
70,w,uh,249,216,642,1338
71,w,uh,330,221,701,1318
72,w,uh,209,188,777,1397
73,w,uh,220,211,686,1477
74,w,uh,250,239,769,1382
75,w,uh,309,217,815,1427
76,w,uh,187,195,678,1397
77,w,uh,195,244,823,1419
78,w,uh,194,231,700,1580
79,w,uh,200,307,885,1580
80,w,uh,208,235,835,1507
81,w,uh,199,216,756,1531
82,w,uh,224,209,685,1100
83,w,uh,193,244,828,1454
84,w,uh,164,222,764,1359
85,w,uh,215,207,729,1435
86,w,uh,365,206,761,1380
87,w,uh,325,206,809,1468
88,w,uh,214,228,818,1516
89,w,uh,233,198,710,1293
90,w,uh,233,194,755,1427
91,w,uh,201,215,827,1416
92,w,uh,156,236,736,1300
94,w,uh,251,214,678,1229
95,w,uh,274,199,780,1380
96,w,uh,200,155,693,1277
97,w,uh,206,213,712,1499
98,w,uh,208,236,733,1378
99,w,uh,215,220,796,1271
100,w,uh,262,213,811,1450
1,b,uh,205,237,632,1573
2,b,uh,161,269,731,1550
3,b,uh,226,210,823,1655
4,b,uh,293,241,756,1672
5,b,uh,150,217,637,1424
7,b,uh,310,289,822,1489
8,b,uh,242,201,667,1442
9,b,uh,228,233,695,1423
10,b,uh,248,203,612,1432
11,b,uh,266,213,699,1454
12,b,uh,298,254,762,1721
13,b,uh,250,211,639,1454
14,b,uh,215,210,697,1305
15,b,uh,307,280,654,0
16,b,uh,300,183,739,1411
17,b,uh,239,257,696,1297
18,b,uh,233,266,780,1428
19,b,uh,241,235,754,1742
21,b,uh,254,212,632,1352
22,b,uh,296,255,746,1552
23,b,uh,219,282,863,1566
24,b,uh,158,213,685,1485
25,b,uh,223,220,688,1251
26,b,uh,292,216,670,1538
27,b,uh,172,214,763,1522
28,b,uh,212,206,667,1400
29,b,uh,243,234,778,1422
1,g,uh,200,247,740,1502
2,g,uh,215,220,882,1623
4,g,uh,275,268,784,1614
5,g,uh,290,225,897,1494
6,g,uh,218,238,754,1430
7,g,uh,286,234,620,1579
8,g,uh,303,242,695,1832
9,g,uh,248,262,756,1579
10,g,uh,222,229,880,1680
11,g,uh,227,226,701,1563
12,g,uh,226,248,796,1669
13,g,uh,232,229,738,1626
14,g,uh,259,208,633,1454
15,g,uh,302,247,684,1732
17,g,uh,215,256,782,1622
18,g,uh,226,207,744,1854
19,g,uh,184,227,885,1629
20,g,uh,210,248,1045,1609
21,g,uh,177,229,646,1578
1,m,uw,281,184,374,931
2,m,uw,257,114,319,938
3,m,uw,420,101,360,953
4,m,uw,288,144,422,1299
6,m,uw,231,120,366,919
7,m,uw,231,113,326,997
8,m,uw,239,126,382,1058
9,m,uw,296,136,384,1234
10,m,uw,237,156,338,1087
11,m,uw,327,161,319,936
13,m,uw,240,116,371,793
14,m,uw,260,115,379,1123
16,m,uw,183,148,382,994
17,m,uw,210,174,339,860
18,m,uw,264,147,415,1016
19,m,uw,226,165,455,1181
20,m,uw,284,156,370,889
21,m,uw,196,116,372,1010
22,m,uw,275,128,387,1123
23,m,uw,230,132,389,959
24,m,uw,239,147,435,1137
25,m,uw,204,123,372,972
26,m,uw,225,123,374,921
27,m,uw,207,123,371,950
28,m,uw,197,189,377,888
29,m,uw,185,143,401,980
30,m,uw,288,105,313,861
31,m,uw,171,199,379,982
32,m,uw,185,165,402,809
33,m,uw,241,160,373,931
34,m,uw,244,131,377,1008
35,m,uw,254,114,357,1130
36,m,uw,265,124,388,982
37,m,uw,193,143,409,846
38,m,uw,195,153,377,1063
39,m,uw,250,192,387,967
40,m,uw,205,151,316,893
41,m,uw,200,154,437,1085
42,m,uw,256,154,435,1070
44,m,uw,219,113,365,999
45,m,uw,245,224,437,871
47,m,uw,250,147,413,1193
48,m,uw,212,132,378,893
49,m,uw,125,171,374,887
50,m,uw,222,130,389,1033
51,w,uw,281,260,503,1068
52,w,uw,409,218,435,1384
53,w,uw,271,211,431,788
54,w,uw,430,216,436,1415
55,w,uw,328,223,455,994
56,w,uw,311,219,437,1113
57,w,uw,384,211,384,1084
58,w,uw,287,258,503,1514
59,w,uw,265,265,504,1096
60,w,uw,351,238,473,1113
61,w,uw,377,232,461,1627
62,w,uw,300,242,477,998
63,w,uw,298,231,445,1136
64,w,uw,241,239,483,1117
65,w,uw,298,262,466,778
66,w,uw,268,225,440,1122
67,w,uw,266,216,436,911
69,w,uw,293,257,506,1030
70,w,uw,283,171,360,1034
71,w,uw,378,247,491,1260
72,w,uw,310,199,391,971
73,w,uw,363,210,431,1003
74,w,uw,327,268,525,1065
75,w,uw,382,226,448,1369
76,w,uw,333,230,445,881
77,w,uw,234,256,503,963
78,w,uw,182,261,508,1001
79,w,uw,274,297,510,917
80,w,uw,274,268,502,1050
81,w,uw,277,237,488,1119
82,w,uw,242,238,477,1184
83,w,uw,291,272,504,1068
84,w,uw,244,242,483,938
85,w,uw,294,232,448,1463
86,w,uw,405,219,438,1711
87,w,uw,406,220,437,1178
88,w,uw,277,260,504,1041
89,w,uw,266,215,429,827
90,w,uw,296,223,438,1078
91,w,uw,235,237,450,916
92,w,uw,272,255,474,974
94,w,uw,346,254,430,954
95,w,uw,340,204,415,1001
96,w,uw,302,166,362,1351
97,w,uw,272,238,482,987
98,w,uw,265,234,458,1163
99,w,uw,248,240,467,993
100,w,uw,308,265,491,1317
1,b,uw,253,246,502,1540
2,b,uw,327,287,559,1312
3,b,uw,304,194,506,2378
4,b,uw,292,258,503,1104
5,b,uw,260,240,481,1226
7,b,uw,303,330,609,1658
8,b,uw,262,228,440,1124
9,b,uw,211,255,503,1119
10,b,uw,275,215,463,1676
11,b,uw,246,197,430,1448
12,b,uw,313,258,503,1255
13,b,uw,233,209,435,1312
14,b,uw,263,206,418,940
15,b,uw,324,282,548,1123
16,b,uw,274,241,491,1467
17,b,uw,228,262,505,1296
18,b,uw,269,278,548,1377
19,b,uw,270,281,550,1114
21,b,uw,320,260,504,997
22,b,uw,243,256,504,1515
23,b,uw,251,283,557,0
24,b,uw,214,221,438,1336
25,b,uw,286,219,436,1170
26,b,uw,320,235,449,916
27,b,uw,233,254,495,1283
28,b,uw,255,216,434,1297
29,b,uw,302,249,498,1509
1,g,uw,327,251,500,1724
2,g,uw,236,188,435,1059
4,g,uw,300,288,556,1736
5,g,uw,378,219,437,1733
6,g,uw,246,256,480,1011
7,g,uw,367,255,503,821
8,g,uw,315,271,540,1653
9,g,uw,307,303,568,1508
10,g,uw,318,216,460,1422
11,g,uw,324,238,460,1291
12,g,uw,273,276,540,1998
13,g,uw,286,273,527,1407
14,g,uw,304,239,486,968
15,g,uw,368,244,496,1739
17,g,uw,245,236,490,2179
18,g,uw,315,214,435,1829
19,g,uw,192,243,497,1334
20,g,uw,248,248,498,1740
21,g,uw,227,225,446,1533
